,BRAND,DOLS,CATEGORY,A ending?,"Plosive ending? (p,b,t,d,k,g)","Sonorant ending? (m,n,ng,l,r)","Fricative ending? (f,v,th,s,z,sh,ch,dge)","1st letter fricative? (f,v,th,s,z,sh,ch,j)","Total # of sonorants (m,n,l,r,w,y)","Total # of vowels (a, e, i, o, u)","1st letter plosive? (p,b,t,d,k,g)","Total # of plosives  (p,b,t,d,k,g)","VowelEnding? (a, e, i, o, u,y)",# of letters,"# of fricatives (f,v,th,s,z,sh,ch,j)","1st letter vowel? (a, e, i, o, u)","1st letter sonorant? (m,n,l,r,w,y)",Front Vowels,Back Vowels
0,advil,138584384.0,ANALGESICS,0,0,1,0,0,1,2,0,1,0,5,1,1,0,1,0
1,aleve,107795707.0,ANALGESICS,0,0,0,0,0,1,3,0,0,1,5,1,1,0,2,0
2,alliviax,9327.0,ANALGESICS,0,0,0,0,0,2,4,0,0,0,8,1,1,0,2,0
3,analgen,256.0,ANALGESICS,0,0,1,0,0,3,3,0,1,0,7,0,1,0,1,0
4,arnicare,327389.0,ANALGESICS,0,0,0,0,0,3,4,0,0,1,8,0,1,0,2,0
5,asteeza,28418.0,ANALGESICS,1,0,0,0,0,0,4,0,1,1,7,2,1,0,1,0
6,ausanil,4035.0,ANALGESICS,0,0,1,0,0,2,4,0,0,0,7,1,1,0,1,1
7,azo,552227.0,ANALGESICS,0,0,0,0,0,0,2,0,0,1,3,1,1,0,0,1
8,bc,2525607.0,ANALGESICS,0,0,0,0,0,0,0,1,1,0,2,0,0,0,0,0
9,biofreeze,44695.0,ANALGESICS,0,0,0,0,0,1,5,1,1,1,9,2,0,0,3,1
10,bufferin,,ANALGESICS,0,0,1,0,0,2,3,1,1,0,8,2,0,0,2,1
11,buscapina,5635.0,ANALGESICS,1,0,0,0,0,1,4,1,2,1,9,1,0,0,1,1
12,calmadol,16906.0,ANALGESICS,0,0,1,0,0,3,3,0,1,0,8,0,0,0,0,1
13,diurex,,ANALGESICS,0,0,0,0,0,1,3,1,1,0,6,0,0,0,2,1
14,equate,99585.0,ANALGESICS,0,0,0,0,0,0,4,0,1,1,6,0,1,0,2,1
15,excedrin,96006.0,ANALGESICS,0,0,1,0,0,2,3,0,1,0,8,0,1,0,3,0
16,fibromyalgia,4386.0,ANALGESICS,1,0,0,0,1,4,5,0,2,1,12,1,0,0,2,1
17,flanax,274271.0,ANALGESICS,0,0,0,0,1,2,2,0,0,0,6,1,0,0,0,0
18,glycomarine,1168.0,ANALGESICS,0,0,0,0,0,5,4,1,1,1,11,0,0,0,2,1
19,goodys,752741.0,ANALGESICS,0,0,0,1,0,1,2,1,2,0,6,1,0,0,0,1
20,hangover,368439.0,ANALGESICS,0,0,1,0,0,2,3,0,1,0,8,1,0,0,1,1
21,kyutec,124.0,ANALGESICS,0,0,0,0,0,1,2,1,2,0,6,0,0,0,1,1
22,livia,,ANALGESICS,1,0,0,0,0,1,3,0,0,1,5,1,0,1,2,0
23,migrastil,,ANALGESICS,0,0,1,0,0,3,3,0,2,0,9,1,0,1,2,0
24,migrelief,,ANALGESICS,0,0,0,1,0,3,4,0,1,0,9,1,0,1,3,0
25,motrin,1464269.0,ANALGESICS,0,0,1,0,0,3,2,0,1,0,6,0,0,1,1,1
26,naproxen,13251.0,ANALGESICS,0,0,1,0,0,3,3,0,1,0,8,0,0,1,1,1
27,noxicare,11119.0,ANALGESICS,0,0,0,0,0,2,4,0,0,1,8,0,0,1,2,1
28,pamprin,269493.0,ANALGESICS,0,0,1,0,0,3,2,1,2,0,7,0,0,0,1,0
29,pediacare,27586.0,ANALGESICS,0,0,0,0,0,1,5,1,2,1,9,0,0,0,3,0
30,persen,,ANALGESICS,0,0,1,0,0,2,2,1,1,0,6,1,0,0,2,0
31,salonpas,14420.0,ANALGESICS,0,0,0,1,1,2,3,0,1,0,8,2,0,0,0,1
32,stopain,44005.0,ANALGESICS,0,0,1,0,1,1,3,0,2,0,7,1,0,0,1,1
33,synodrin,110665.0,ANALGESICS,0,0,1,0,1,4,2,0,1,0,8,1,0,0,1,1
34,tylenol,108497.0,ANALGESICS,0,0,1,0,0,4,2,1,1,0,7,0,0,0,1,1
35,vanquish,537896.0,ANALGESICS,0,0,0,1,1,1,3,0,0,0,8,2,0,0,1,1
36,venaton,18261.0,ANALGESICS,0,0,1,0,1,2,3,0,1,0,7,1,0,0,1,1
37,alfamino,18682.0,BABY_FOODS,0,0,0,0,0,3,4,0,0,1,8,1,1,0,1,1
38,enfagrow,1385389.0,BABY_FOODS,0,0,0,0,0,3,3,0,1,0,8,1,1,0,1,1
39,enfamil,153870.0,BABY_FOODS,0,0,1,0,0,3,3,0,0,0,7,1,1,0,2,0
40,gerber,22499944.0,BABY_FOODS,0,0,1,0,0,2,2,1,2,0,6,0,0,0,2,0
41,kabrita,7301.0,BABY_FOODS,1,0,0,0,0,1,3,1,3,1,7,0,0,0,1,0
42,neocate,70395.0,BABY_FOODS,0,0,0,0,0,1,4,0,1,1,7,0,0,1,2,1
43,nurturme,4933.0,BABY_FOODS,0,0,0,0,0,4,3,0,1,1,8,0,0,1,1,2
44,similac,203115.0,BABY_FOODS,0,0,0,0,1,2,3,0,0,0,7,1,0,0,2,0
45,sprout,116645.0,BABY_FOODS,0,1,0,0,1,1,2,0,2,0,6,1,0,0,0,1
46,adidas,891.0,BASEBALL_EQUIPMENT,0,0,0,1,0,0,3,0,2,0,6,1,1,0,1,0
47,axe,98289.0,BASEBALL_EQUIPMENT,0,0,0,0,0,0,2,0,0,1,3,0,1,0,1,0
48,blast,104743.0,BASEBALL_EQUIPMENT,0,1,0,0,0,1,1,1,2,0,5,1,0,0,0,0
49,demarini,2056.0,BASEBALL_EQUIPMENT,0,0,0,0,0,3,4,1,1,1,8,0,0,0,3,0
50,diamond,0.0,BASEBALL_EQUIPMENT,0,1,0,0,0,2,3,1,2,0,7,0,0,0,1,1
51,easton,218.0,BASEBALL_EQUIPMENT,0,0,1,0,0,1,3,0,1,0,6,1,1,0,1,1
52,franklin,187861.0,BASEBALL_EQUIPMENT,0,0,1,0,1,4,2,0,1,0,8,1,0,0,1,0
53,gloveworks,0.0,BASEBALL_EQUIPMENT,0,0,0,1,0,3,3,1,2,0,10,2,0,0,1,2
54,maxbp,54.0,BASEBALL_EQUIPMENT,0,1,0,0,0,1,1,0,2,0,5,0,0,1,0,0
55,miken,0.0,BASEBALL_EQUIPMENT,0,0,1,0,0,2,2,0,1,0,5,0,0,1,2,0
56,prorollers,,BASEBALL_EQUIPMENT,0,0,0,1,0,5,3,1,1,0,10,1,0,0,1,2
57,rawlings,,BASEBALL_EQUIPMENT,0,0,0,1,0,4,2,0,1,0,8,1,0,1,1,0
58,ssk,303.0,BASEBALL_EQUIPMENT,0,1,0,0,1,0,0,0,1,0,3,2,0,0,0,0
59,wilson,2971.0,BASEBALL_EQUIPMENT,0,0,1,0,0,3,2,0,0,0,6,1,0,1,1,1
60,worth,0.0,BASEBALL_EQUIPMENT,0,0,0,1,0,2,1,0,1,0,5,1,0,1,0,1
61,acura,45438413.0,CARS_TRUCKS,1,0,0,0,0,1,3,0,0,1,5,0,1,0,0,1
62,audi,43254206.0,CARS_TRUCKS,0,0,0,0,0,0,3,0,1,1,4,0,1,0,1,1
63,bentley,1545639.0,CARS_TRUCKS,0,0,0,0,0,3,2,1,2,1,7,0,0,0,3,0
64,bmw,39981525.0,CARS_TRUCKS,0,0,0,0,0,2,0,1,1,0,3,0,0,0,0,0
65,buick,23155217.0,CARS_TRUCKS,0,1,0,0,0,0,2,1,2,0,5,0,0,0,1,1
66,cadillac,65802440.0,CARS_TRUCKS,0,0,0,0,0,2,3,0,1,0,8,0,0,0,1,0
67,chevrolet,231297562.0,CARS_TRUCKS,0,1,0,0,1,2,3,0,1,0,9,2,0,0,2,1
68,chrysler,6004111.0,CARS_TRUCKS,0,0,1,0,1,4,1,0,0,0,8,2,0,0,1,0
69,citroen,,CARS_TRUCKS,0,0,1,0,0,2,3,0,1,0,7,0,0,0,2,1
70,dacia,,CARS_TRUCKS,1,0,0,0,0,0,3,1,1,1,5,0,0,0,1,0
71,datsun,,CARS_TRUCKS,0,0,1,0,0,1,2,1,2,0,6,1,0,0,0,1
72,dodge,33424518.0,CARS_TRUCKS,0,0,0,1,0,0,2,1,3,1,5,0,0,0,1,1
73,ferrari,30587.0,CARS_TRUCKS,0,0,0,0,1,3,3,0,0,1,7,1,0,0,2,0
74,fiat,3234145.0,CARS_TRUCKS,0,1,0,0,1,0,2,0,1,0,4,1,0,0,1,0
75,ford,348912563.0,CARS_TRUCKS,0,1,0,0,1,1,1,0,1,0,4,1,0,0,0,1
76,genesis,38949978.0,CARS_TRUCKS,0,0,0,1,0,1,3,1,1,0,7,2,0,0,3,0
77,holden,,CARS_TRUCKS,0,0,1,0,0,2,2,0,1,0,6,0,0,0,1,1
78,honda,29440056.0,CARS_TRUCKS,1,0,0,0,0,1,2,0,1,1,5,0,0,0,0,1
79,hyundai,45727948.0,CARS_TRUCKS,0,0,0,0,0,2,3,0,1,1,7,0,0,0,1,1
80,infiniti,17205116.0,CARS_TRUCKS,0,0,0,0,0,2,4,0,1,1,8,1,1,0,4,0
81,jaguar,7360651.0,CARS_TRUCKS,0,0,1,0,1,1,3,0,1,0,6,1,0,0,0,1
82,kia,10687965.0,CARS_TRUCKS,1,0,0,0,0,0,2,1,1,1,3,0,0,0,1,0
83,lexus,70757450.0,CARS_TRUCKS,0,0,0,1,0,1,2,0,0,0,5,1,0,1,1,1
84,lincoln,10263062.0,CARS_TRUCKS,0,0,1,0,0,4,2,0,0,0,7,0,0,1,1,1
85,maserati,2345118.0,CARS_TRUCKS,0,0,0,0,0,2,4,0,1,1,8,1,0,1,2,0
86,mazda,71255598.0,CARS_TRUCKS,1,0,0,0,0,1,2,0,1,1,5,1,0,1,0,0
87,mini,7848011.0,CARS_TRUCKS,0,0,0,0,0,2,2,0,0,1,4,0,0,1,2,0
88,mitsubishi,441877.0,CARS_TRUCKS,0,0,0,0,0,1,4,0,2,1,10,2,0,1,3,1
89,nissan,207086084.0,CARS_TRUCKS,0,0,1,0,0,2,2,0,0,0,6,2,0,1,1,0
90,pagani,157880.0,CARS_TRUCKS,0,0,0,0,0,1,3,1,2,1,6,0,0,0,1,0
91,peugeot,8404.0,CARS_TRUCKS,0,1,0,0,0,0,4,1,3,0,7,0,0,0,2,2
92,porsche,2188360.0,CARS_TRUCKS,0,0,0,0,0,1,2,1,1,1,7,2,0,0,1,1
93,renault,4426.0,CARS_TRUCKS,0,1,0,0,0,3,3,0,1,0,7,0,0,1,1,1
94,scion,60235.0,CARS_TRUCKS,0,0,1,0,1,1,2,0,0,0,5,1,0,0,1,1
95,smart,2208807.0,CARS_TRUCKS,0,1,0,0,1,2,1,0,1,0,5,1,0,0,0,0
96,subaru,209532341.0,CARS_TRUCKS,0,0,0,0,1,1,3,0,1,1,6,1,0,0,0,2
97,suzuki,422.0,CARS_TRUCKS,0,0,0,0,1,0,3,0,1,1,6,2,0,0,1,2
98,tesla,889.0,CARS_TRUCKS,1,0,0,0,0,1,2,1,1,1,5,1,0,0,1,0
99,toyota,93958963.0,CARS_TRUCKS,1,0,0,0,0,1,3,1,2,1,6,0,0,0,0,2
100,vauxhall,,CARS_TRUCKS,0,0,1,0,1,2,3,0,0,0,8,1,0,0,0,1
101,volkswagen,13523420.0,CARS_TRUCKS,0,0,1,0,1,3,3,0,2,0,10,2,0,0,1,1
102,volvo,2159686.0,CARS_TRUCKS,0,0,0,0,1,1,2,0,0,1,5,2,0,0,0,2
103,aerin,108.0,COSMETICS,0,0,1,0,0,2,3,0,0,0,5,0,1,0,2,0
104,allure,4235.0,COSMETICS,0,0,0,0,0,3,3,0,0,1,6,0,1,0,1,1
105,almay,97461.0,COSMETICS,0,0,0,0,0,3,2,0,0,1,5,0,1,0,1,0
106,alzeyna,508.0,COSMETICS,1,0,0,0,0,3,3,0,0,1,7,1,1,0,1,0
107,ambi,2001.0,COSMETICS,0,0,0,0,0,1,2,0,1,1,4,0,1,0,1,0
108,anytime,3857.0,COSMETICS,0,0,0,0,0,3,3,0,1,1,7,0,1,0,2,0
109,arbonne,2030.0,COSMETICS,0,0,0,0,0,3,3,0,1,1,7,0,1,0,1,1
110,aritaum,546.0,COSMETICS,0,0,1,0,0,2,4,0,1,0,7,0,1,0,1,1
111,arrow,,COSMETICS,0,0,0,0,0,3,2,0,0,0,5,0,1,0,0,1
112,artistry,456.0,COSMETICS,0,0,0,0,0,3,2,0,2,1,8,1,1,0,2,0
113,aveda,62301.0,COSMETICS,1,0,0,0,0,0,3,0,1,1,5,1,1,0,1,0
114,aveeno,21993.0,COSMETICS,0,0,0,0,0,1,4,0,0,1,6,1,1,0,1,1
115,avon,4659620.0,COSMETICS,0,0,1,0,0,1,2,0,0,0,4,1,1,0,0,1
116,bareminerals,762758.0,COSMETICS,0,0,0,1,0,5,5,1,1,0,12,1,0,0,3,0
117,beaucream,832.0,COSMETICS,0,0,1,0,0,2,5,1,1,0,9,0,0,0,2,1
118,beautyducts,2.0,COSMETICS,0,0,0,1,0,1,4,1,4,0,11,1,0,0,1,2
119,benefit,40578.0,COSMETICS,0,1,0,0,0,1,3,1,2,0,7,1,0,0,3,0
120,bezmyne,3954.0,COSMETICS,0,0,0,0,0,3,2,1,1,1,7,1,0,0,2,0
121,biancey,3157.0,COSMETICS,0,0,0,0,0,2,3,1,1,1,7,0,0,0,3,0
122,biotherm,,COSMETICS,0,0,1,0,0,2,3,1,2,0,8,1,0,0,2,1
123,bodyography,124601.0,COSMETICS,0,0,0,0,0,3,3,1,4,1,11,0,0,0,1,2
124,botanics,20363.0,COSMETICS,0,0,0,1,0,1,3,1,2,0,8,1,0,0,1,1
125,brivmay,141.0,COSMETICS,0,0,0,0,0,3,2,1,1,1,7,1,0,0,2,0
126,burberry,59000.0,COSMETICS,0,0,0,0,0,4,2,1,2,1,8,0,0,0,2,1
127,buxom,687.0,COSMETICS,0,0,1,0,0,1,2,1,1,0,5,0,0,0,0,2
128,cargo,40912.0,COSMETICS,0,0,0,0,0,1,2,0,1,1,5,0,0,0,0,1
129,caroia,16138.0,COSMETICS,1,0,0,0,0,1,4,0,0,1,6,0,0,0,1,1
130,catrice,,COSMETICS,0,0,0,0,0,1,3,0,1,1,7,0,0,0,2,0
131,chanel,161219.0,COSMETICS,0,0,1,0,1,2,2,0,0,0,6,1,0,0,1,0
132,cilsfrance,6752.0,COSMETICS,0,0,0,0,0,3,3,0,0,1,10,2,0,0,2,0
133,clarins,1114205.0,COSMETICS,0,0,0,1,0,3,2,0,0,0,7,1,0,0,1,0
134,clinique,1357352.0,COSMETICS,0,0,0,0,0,2,4,0,0,1,8,0,0,0,3,1
135,clio,,COSMETICS,0,0,0,0,0,1,2,0,0,1,4,0,0,0,1,1
136,colorescience,1216.0,COSMETICS,0,0,0,0,0,3,6,0,0,1,13,1,0,0,3,2
137,colourpop,107.0,COSMETICS,0,1,0,0,0,2,4,0,2,0,9,0,0,0,0,3
138,coty,47350.0,COSMETICS,0,0,0,0,0,1,1,0,1,1,4,0,0,0,1,1
139,darieu,28145.0,COSMETICS,0,0,0,0,0,1,4,1,1,1,6,0,0,0,1,1
140,dax,319.0,COSMETICS,0,0,0,0,0,0,1,1,1,0,3,0,0,0,0,0
141,dekliderm,11717.0,COSMETICS,0,0,1,0,0,3,3,1,3,0,9,0,0,0,3,0
142,dermablend,9510.0,COSMETICS,0,1,0,0,0,4,3,1,3,0,10,0,0,0,2,0
143,dermalox,90.0,COSMETICS,0,0,0,0,0,3,3,1,1,0,8,0,0,0,1,1
144,dinair,705.0,COSMETICS,0,0,1,0,0,2,3,1,1,0,6,0,0,0,2,0
145,dior,816381.0,COSMETICS,0,0,1,0,0,1,2,1,1,0,4,0,0,0,1,1
146,dove,108946.0,COSMETICS,0,0,0,0,0,0,2,1,1,1,4,1,0,0,1,1
147,ecotools,26509.0,COSMETICS,0,0,0,1,0,1,4,0,1,0,8,1,1,0,1,2
148,elf,123698.0,COSMETICS,0,0,0,1,0,1,1,0,0,0,3,1,1,0,1,0
149,espa,810.0,COSMETICS,1,0,0,0,0,0,2,0,1,1,4,1,1,0,1,0
150,essence,6363.0,COSMETICS,0,0,0,0,0,1,3,0,0,1,7,2,1,0,3,0
151,essie,1654.0,COSMETICS,0,0,0,0,0,0,3,0,0,1,5,2,1,0,2,0
152,flirt,,COSMETICS,0,1,0,0,1,2,1,0,1,0,5,1,0,0,1,0
153,foreo,10841.0,COSMETICS,0,0,0,0,1,1,3,0,0,1,5,1,0,0,1,2
154,fortunaye,885.0,COSMETICS,0,0,0,0,1,3,4,0,1,1,9,1,0,0,1,2
155,fullips,29698.0,COSMETICS,0,0,0,1,1,2,2,0,1,0,7,2,0,0,1,1
156,glamalor,,COSMETICS,0,0,1,0,0,4,3,1,1,0,8,0,0,0,0,1
157,glamglow,,COSMETICS,0,0,0,0,0,4,2,1,2,0,8,0,0,0,0,1
158,gucci,1022.0,COSMETICS,0,0,0,0,0,0,2,1,1,1,5,0,0,0,1,1
159,guerlain,275980.0,COSMETICS,0,0,1,0,0,3,4,1,1,0,8,0,0,0,2,1
160,healthbeauto,616.0,COSMETICS,0,0,0,0,0,1,6,0,3,1,12,1,0,0,2,2
161,ifirmation,9087.0,COSMETICS,0,0,1,0,0,3,5,0,1,0,10,1,1,0,3,1
162,jafra,4824.0,COSMETICS,1,0,0,0,1,1,2,0,0,1,5,2,0,0,0,0
163,jane,170.0,COSMETICS,0,0,0,0,1,1,2,0,0,1,4,1,0,0,1,0
164,jergens,65701.0,COSMETICS,0,0,0,1,1,2,2,0,1,0,7,2,0,0,2,0
165,julep,1758.0,COSMETICS,0,1,0,0,1,1,2,0,1,0,5,1,0,0,1,1
166,kiss,14766.0,COSMETICS,0,0,0,1,0,0,1,1,1,0,4,2,0,0,1,0
167,korres,197.0,COSMETICS,0,0,0,1,0,2,2,1,1,0,6,1,0,0,1,1
168,lancome,660261.0,COSMETICS,0,0,0,0,0,3,3,0,0,1,7,0,0,1,1,1
169,lorac,1648192.0,COSMETICS,0,0,0,0,0,2,2,0,0,0,5,0,0,1,0,1
170,lotus,,COSMETICS,0,0,0,1,0,1,2,0,1,0,5,1,0,1,0,2
171,lubriderm,36738.0,COSMETICS,0,0,1,0,0,4,3,0,2,0,9,0,0,1,2,1
172,lush,106.0,COSMETICS,0,0,0,1,0,1,1,0,0,0,4,1,0,1,0,1
173,lyrei,1972.0,COSMETICS,0,0,0,0,0,3,2,0,0,1,5,0,0,1,1,0
174,mac,15041.0,COSMETICS,0,0,0,0,0,1,1,0,0,0,3,0,0,1,0,0
175,manhattan,,COSMETICS,0,0,1,0,0,3,3,0,2,0,9,0,0,1,0,0
176,mark,352.0,COSMETICS,0,1,0,0,0,2,1,0,1,0,4,0,0,1,0,0
177,milani,34729.0,COSMETICS,0,0,0,0,0,3,3,0,0,1,6,0,0,1,2,0
178,monteil,4191.0,COSMETICS,0,0,1,0,0,3,3,0,1,0,7,0,0,1,1,1
179,mychelle,,COSMETICS,0,0,0,0,0,4,2,0,0,1,8,1,0,1,2,0
180,nars,1597.0,COSMETICS,0,0,0,1,0,2,1,0,0,0,4,1,0,1,0,0
181,natura,2488.0,COSMETICS,1,0,0,0,0,2,3,0,1,1,6,0,0,1,0,1
182,neova,65.0,COSMETICS,1,0,0,0,0,1,3,0,0,1,5,1,0,1,1,1
183,neutrogena,633859.0,COSMETICS,1,0,0,0,0,3,5,0,2,1,10,0,0,1,2,2
184,nexacell,48.0,COSMETICS,0,0,1,0,0,3,3,0,0,0,8,0,0,1,2,0
185,note,216.0,COSMETICS,0,0,0,0,0,1,2,0,1,1,4,0,0,1,1,1
186,novalash,184360.0,COSMETICS,0,0,0,1,0,2,3,0,0,0,8,2,0,1,0,1
187,nyx,24149.0,COSMETICS,0,0,0,0,0,2,0,0,0,0,3,0,0,1,0,0
188,ofra,1253.0,COSMETICS,1,0,0,0,0,1,2,0,0,1,4,1,1,0,0,1
189,olay,2304438.0,COSMETICS,0,0,0,0,0,2,2,0,0,1,4,0,1,0,1,1
190,omorovicza,106.0,COSMETICS,1,0,0,0,0,2,5,0,0,1,10,2,1,0,1,3
191,oribe,9001.0,COSMETICS,0,0,0,0,0,1,3,0,1,1,5,0,1,0,2,1
192,origins,6824.0,COSMETICS,0,0,0,1,0,2,3,0,1,0,7,1,1,0,2,1
193,orlane,1884.0,COSMETICS,0,0,0,0,0,3,3,0,0,1,6,0,1,0,1,1
194,physicians,23534.0,COSMETICS,0,0,0,1,0,2,3,1,1,0,10,2,0,0,2,0
195,plumderma,18467.0,COSMETICS,1,0,0,0,0,4,3,1,2,1,9,0,0,0,1,1
196,prescriptives,575.0,COSMETICS,0,0,0,1,0,2,4,1,3,0,13,3,0,0,4,0
197,proskin,8346.0,COSMETICS,0,0,1,0,0,2,2,1,2,0,7,1,0,0,1,1
198,renaissance,5534.0,COSMETICS,0,0,0,0,0,3,5,0,0,1,11,2,0,1,3,0
199,repechage,7501.0,COSMETICS,0,0,0,0,0,1,4,0,2,1,9,1,0,1,3,0
200,revlon,7005277.0,COSMETICS,0,0,1,0,0,3,2,0,0,0,6,1,0,1,1,1
201,rimmel,29041.0,COSMETICS,0,0,1,0,0,4,2,0,0,0,6,0,0,1,2,0
202,sarantis,11767.0,COSMETICS,0,0,0,1,1,2,3,0,1,0,8,2,0,0,1,0
203,shiseido,687890.0,COSMETICS,0,0,0,0,1,0,4,0,1,1,8,2,0,0,2,1
204,sidasta,3633.0,COSMETICS,1,0,0,0,1,0,3,0,2,1,7,2,0,0,1,0
205,skinnight,2295.0,COSMETICS,0,1,0,0,1,2,2,0,3,0,9,1,0,0,2,0
206,smashbox,278689.0,COSMETICS,0,0,0,0,1,1,2,0,1,0,8,2,0,0,0,1
207,stila,,COSMETICS,1,0,0,0,1,1,2,0,1,1,5,1,0,0,1,0
208,stowaway,16768.0,COSMETICS,0,0,0,0,1,3,3,0,1,1,8,1,0,0,1,1
209,taras,88339.0,COSMETICS,0,0,0,1,0,1,2,1,1,0,5,1,0,0,0,0
210,tarte,4632.0,COSMETICS,0,0,0,0,0,1,2,1,2,1,5,0,0,0,1,0
211,trestique,,COSMETICS,0,0,0,0,0,1,4,1,2,1,9,1,0,0,3,1
212,tribetats,107.0,COSMETICS,0,0,0,1,0,1,3,1,4,0,9,1,0,0,2,0
213,tritats,1123.0,COSMETICS,0,0,0,1,0,1,2,1,3,0,7,1,0,0,1,0
214,trydermavie,310095.0,COSMETICS,0,0,0,0,0,4,4,1,2,1,11,1,0,0,2,0
215,tweezerman,67830.0,COSMETICS,0,0,1,0,0,4,4,1,1,0,10,1,0,0,2,0
216,tyra,354313.0,COSMETICS,1,0,0,0,0,2,1,1,1,1,4,0,0,0,0,0
217,ulta,1971054.0,COSMETICS,1,0,0,0,0,1,2,0,1,1,4,0,1,0,0,1
218,unilever,17558.0,COSMETICS,0,0,1,0,0,3,4,0,0,0,8,1,1,0,3,1
219,vichy,,COSMETICS,0,0,0,0,1,1,1,0,0,1,5,2,0,0,2,0
220,xxv,3343.0,COSMETICS,0,0,0,1,0,0,0,0,0,0,3,1,0,0,0,0
221,yourbeautyderm,15138.0,COSMETICS,0,0,1,0,0,5,6,0,3,0,14,0,0,1,2,2
222,yuni,812.0,COSMETICS,0,0,0,0,0,2,2,0,0,1,4,0,0,1,1,1
223,zenjenskin,1775.0,COSMETICS,0,0,1,0,1,3,3,0,1,0,10,3,0,0,3,0
224,aarp,28462.0,FINANCIAL_SERVICES,0,1,0,0,0,1,2,0,1,0,4,0,1,0,0,0
225,amazon,15650.0,FINANCIAL_SERVICES,0,0,1,0,0,2,3,0,0,0,6,1,1,0,0,1
226,artoken,876.0,FINANCIAL_SERVICES,0,0,1,0,0,2,3,0,2,0,7,0,1,0,1,1
227,bankrate,9988.0,FINANCIAL_SERVICES,0,0,0,0,0,2,3,1,3,1,8,0,0,0,1,0
228,bitconcept,3639.0,FINANCIAL_SERVICES,0,1,0,0,0,1,3,1,4,0,10,0,0,0,2,1
229,bitcosmos,987.0,FINANCIAL_SERVICES,0,0,0,1,0,1,3,1,2,0,9,2,0,0,1,2
230,bitquick,,FINANCIAL_SERVICES,0,1,0,0,0,0,3,1,3,0,8,0,0,0,2,1
231,bitstrades,3248.0,FINANCIAL_SERVICES,0,0,0,1,0,1,3,1,4,0,10,2,0,0,2,0
232,bittank,576.0,FINANCIAL_SERVICES,0,1,0,0,0,1,2,1,4,0,7,0,0,0,1,0
233,boscoin,,FINANCIAL_SERVICES,0,0,1,0,0,1,3,1,1,0,7,1,0,0,1,2
234,brickblock,4104.0,FINANCIAL_SERVICES,0,1,0,0,0,2,2,1,4,0,10,0,0,0,1,1
235,coinmama,,FINANCIAL_SERVICES,1,0,0,0,0,3,4,0,0,1,8,0,0,0,1,1
236,compcoin,6858.0,FINANCIAL_SERVICES,0,0,1,0,0,2,3,0,1,0,8,0,0,0,1,2
237,crypterium,,FINANCIAL_SERVICES,0,0,1,0,0,4,3,0,2,0,10,0,0,0,2,1
238,currencyliquidator,,FINANCIAL_SERVICES,0,0,1,0,0,6,7,0,2,0,18,0,0,0,3,3
239,ecocoins,,FINANCIAL_SERVICES,0,0,0,1,0,1,4,0,0,0,8,1,1,0,2,2
240,eroscoin,,FINANCIAL_SERVICES,0,0,1,0,0,2,4,0,0,0,8,1,1,0,2,2
241,evr,,FINANCIAL_SERVICES,0,0,1,0,0,1,1,0,0,0,3,1,1,0,1,0
242,finney,9172.0,FINANCIAL_SERVICES,0,0,0,0,1,3,2,0,0,1,6,1,0,0,3,0
243,fortrade,32391.0,FINANCIAL_SERVICES,0,0,0,0,1,2,3,0,2,1,8,1,0,0,1,1
244,goldmint,128.0,FINANCIAL_SERVICES,0,1,0,0,0,3,2,1,3,0,8,0,0,0,1,1
245,herocoin,932.0,FINANCIAL_SERVICES,0,0,1,0,0,2,4,0,0,0,8,0,0,0,2,2
246,kencoin,2659.0,FINANCIAL_SERVICES,0,0,1,0,0,2,3,1,1,0,7,0,0,0,2,1
247,kexcoin,264.0,FINANCIAL_SERVICES,0,0,1,0,0,1,3,1,1,0,7,0,0,0,2,1
248,kin,531.0,FINANCIAL_SERVICES,0,0,1,0,0,1,1,1,1,0,3,0,0,0,1,0
249,kitcoin,366600.0,FINANCIAL_SERVICES,0,0,1,0,0,1,3,1,2,0,7,0,0,0,2,1
250,maincoin,,FINANCIAL_SERVICES,0,0,1,0,0,3,4,0,0,0,8,0,0,1,2,1
251,megamine,837.0,FINANCIAL_SERVICES,0,0,0,0,0,3,4,0,1,1,8,0,0,1,3,0
252,meridian,,FINANCIAL_SERVICES,0,0,1,0,0,3,4,0,1,0,8,0,0,1,3,0
253,mtfx,1356.0,FINANCIAL_SERVICES,0,0,0,0,0,1,0,0,1,0,4,1,0,1,0,0
254,nametoken,31923.0,FINANCIAL_SERVICES,0,0,1,0,0,3,4,0,2,0,9,0,0,1,2,1
255,ofx,702135.0,FINANCIAL_SERVICES,0,0,0,0,0,0,1,0,0,0,3,1,1,0,0,1
256,paycent,923.0,FINANCIAL_SERVICES,0,1,0,0,0,2,2,1,2,0,7,0,0,0,1,0
257,paysafe,11139.0,FINANCIAL_SERVICES,0,0,0,0,0,1,3,1,1,1,7,2,0,0,1,0
258,pendo,22489.0,FINANCIAL_SERVICES,0,0,0,0,0,1,2,1,2,1,5,0,0,0,1,1
259,proequities,15038.0,FINANCIAL_SERVICES,0,0,0,1,0,1,6,1,2,0,11,1,0,0,3,2
260,proof,588.0,FINANCIAL_SERVICES,0,0,0,1,0,1,2,1,1,0,5,1,0,0,0,1
261,qvolta,,FINANCIAL_SERVICES,1,0,0,0,0,1,2,0,1,1,6,1,0,0,0,1
262,recoin,,FINANCIAL_SERVICES,0,0,1,0,0,2,3,0,0,0,6,0,0,1,2,1
263,rollmycoin,,FINANCIAL_SERVICES,0,0,1,0,0,6,3,0,0,0,10,0,0,1,1,2
264,skincoin,,FINANCIAL_SERVICES,0,0,1,0,1,2,3,0,1,0,8,1,0,0,2,1
265,smartmoney,,FINANCIAL_SERVICES,0,0,0,0,1,5,3,0,1,1,10,1,0,0,2,1
266,sprig,10238.0,FINANCIAL_SERVICES,0,1,0,0,1,1,1,0,2,0,5,1,0,0,1,0
267,tokendesk,348.0,FINANCIAL_SERVICES,0,1,0,0,0,1,3,1,4,0,9,1,0,0,2,1
268,tokenstars,198.0,FINANCIAL_SERVICES,0,0,0,1,0,2,3,1,3,0,10,2,0,0,1,1
269,usforex,9531.0,FINANCIAL_SERVICES,0,0,0,0,0,1,3,0,0,0,7,2,1,0,1,2
270,adrenaline,15409.0,BBQ,0,0,0,0,0,4,5,0,1,1,10,0,1,0,3,0
271,denmark,9995.0,BBQ,0,1,0,0,0,3,2,1,2,0,7,0,0,0,1,0
272,kalamazoo,3545.0,BBQ,0,0,0,0,0,2,5,1,1,1,9,1,0,0,0,1
273,kingsford,1292764.0,BBQ,0,1,0,0,0,2,2,1,3,0,9,2,0,0,1,1
274,texas,,BBQ,0,0,0,1,0,0,2,1,1,0,5,1,0,0,1,0
275,weber,25831.0,BBQ,0,0,1,0,0,2,2,0,1,0,5,0,0,1,2,0
276,agebeautiful,2747039.0,HAIR_PRODUCTS,0,0,1,0,0,1,7,0,3,0,12,1,1,0,3,2
277,alfaparf,74509.0,HAIR_PRODUCTS,0,0,0,1,0,2,3,0,1,0,8,2,1,0,0,0
278,aveda,18002.0,HAIR_PRODUCTS,1,0,0,0,0,0,3,0,1,1,5,1,1,0,1,0
279,avena,7501.0,HAIR_PRODUCTS,1,0,0,0,0,1,3,0,0,1,5,1,1,0,1,0
280,bigen,2242163.0,HAIR_PRODUCTS,0,0,1,0,0,1,2,1,2,0,5,0,0,0,2,0
281,chromasilk,74478.0,HAIR_PRODUCTS,0,1,0,0,1,3,3,0,1,0,10,2,0,0,1,1
282,clairol,63125.0,HAIR_PRODUCTS,0,0,1,0,0,3,3,0,0,0,7,0,0,0,1,1
283,colordesign,48006.0,HAIR_PRODUCTS,0,0,1,0,0,3,4,0,2,0,11,1,0,0,2,2
284,colorphlex,93689.0,HAIR_PRODUCTS,0,0,0,0,0,3,3,0,1,0,10,0,0,0,1,2
285,colorproof,132694.0,HAIR_PRODUCTS,0,0,0,1,0,3,4,0,1,0,10,1,0,0,0,3
286,colorsmash,17681.0,HAIR_PRODUCTS,0,0,0,1,0,3,3,0,0,0,10,2,0,0,0,2
287,colortrak,61603.0,HAIR_PRODUCTS,0,1,0,0,0,3,3,0,2,0,9,0,0,0,0,2
288,deciem,193.0,HAIR_PRODUCTS,0,0,1,0,0,1,3,1,1,0,6,0,0,0,2,0
289,dphue,45966.0,HAIR_PRODUCTS,0,0,0,0,0,0,2,1,2,1,5,0,0,0,1,1
290,esalon,274116.0,HAIR_PRODUCTS,0,0,1,0,0,2,3,0,0,0,6,1,1,0,1,1
291,hoyu,18002.0,HAIR_PRODUCTS,0,0,0,0,0,1,2,0,0,1,4,0,0,0,0,2
292,inoa,,HAIR_PRODUCTS,1,0,0,0,0,1,3,0,0,1,4,0,1,0,1,1
293,jonathan,2958.0,HAIR_PRODUCTS,0,0,1,0,1,2,3,0,1,0,8,2,0,0,0,1
294,keune,68747.0,HAIR_PRODUCTS,0,0,0,0,0,1,3,1,1,1,5,0,0,0,2,1
295,koleston,5123.0,HAIR_PRODUCTS,0,0,1,0,0,2,3,1,2,0,8,1,0,0,1,2
296,lakme,36004.0,HAIR_PRODUCTS,0,0,0,0,0,2,2,0,1,1,5,0,0,1,1,0
297,lanza,27003.0,HAIR_PRODUCTS,1,0,0,0,0,2,2,0,0,1,5,1,0,1,0,0
298,leland,10236.0,HAIR_PRODUCTS,0,1,0,0,0,3,2,0,1,0,6,0,0,1,1,0
299,matrix,35004.0,HAIR_PRODUCTS,0,0,0,0,0,2,2,0,1,0,6,0,0,1,1,0
300,naturtint,10941315.0,HAIR_PRODUCTS,0,1,0,0,0,3,3,0,3,0,9,0,0,1,1,1
301,oway,123580.0,HAIR_PRODUCTS,0,0,0,0,0,2,2,0,0,1,4,0,1,0,1,1
302,paintglow,,HAIR_PRODUCTS,0,0,0,0,0,3,3,1,3,0,9,0,0,0,1,1
303,pureology,184829.0,HAIR_PRODUCTS,0,0,0,0,0,3,4,1,2,1,9,0,0,0,2,3
304,redken,73732.0,HAIR_PRODUCTS,0,0,1,0,0,2,2,0,2,0,6,0,0,1,2,0
305,reparex,,HAIR_PRODUCTS,0,0,0,0,0,2,3,0,1,0,7,0,0,1,2,0
306,satin,5085392.0,HAIR_PRODUCTS,0,0,1,0,1,1,2,0,1,0,5,1,0,0,1,0
307,schwarzkopf,21115.0,HAIR_PRODUCTS,0,0,0,1,1,2,2,0,2,0,11,4,0,0,0,1
308,scruples,59186.0,HAIR_PRODUCTS,0,0,0,1,1,2,2,0,1,0,8,2,0,0,1,1
309,splat,2336995.0,HAIR_PRODUCTS,0,1,0,0,1,1,1,0,2,0,5,1,0,0,0,0
310,tca,29469.0,HAIR_PRODUCTS,1,0,0,0,0,0,1,1,1,1,3,0,0,0,0,0
311,tigi,28077.0,HAIR_PRODUCTS,0,0,0,0,0,0,2,1,2,1,4,0,0,0,2,0
312,tressa,56578.0,HAIR_PRODUCTS,1,0,0,0,0,1,2,1,1,1,6,2,0,0,1,0
313,wella,70082.0,HAIR_PRODUCTS,1,0,0,0,0,3,2,0,0,1,5,0,0,1,1,0
314,abellan,176715.0,JEWELRY,0,0,1,0,0,3,3,0,1,0,7,0,1,0,1,0
315,adora,,JEWELRY,1,0,0,0,0,1,3,0,1,1,5,0,1,0,0,1
316,alamea,14479.0,JEWELRY,1,0,0,0,0,2,4,0,0,1,6,0,1,0,1,0
317,albertos,628620.0,JEWELRY,0,0,0,1,0,2,3,0,2,0,8,1,1,0,1,1
318,alishan,8545.0,JEWELRY,0,0,1,0,0,2,3,0,0,0,7,1,1,0,1,0
319,alor,59644.0,JEWELRY,0,0,1,0,0,2,2,0,0,0,4,0,1,0,0,1
320,always,73495.0,JEWELRY,0,0,0,1,0,3,2,0,0,0,6,1,1,0,0,0
321,amden,30742.0,JEWELRY,0,0,1,0,0,2,2,0,1,0,5,0,1,0,1,0
322,amgad,322650.0,JEWELRY,0,1,0,0,0,1,2,0,2,0,5,0,1,0,0,0
323,angelica,32623.0,JEWELRY,1,0,0,0,0,2,4,0,1,1,8,0,1,0,2,0
324,anjolee,743.0,JEWELRY,0,0,0,0,0,2,4,0,0,1,7,1,1,0,1,1
325,annoushka,283.0,JEWELRY,1,0,0,0,0,2,4,0,1,1,9,1,1,0,0,1
326,antonini,40980.0,JEWELRY,0,0,0,0,0,3,4,0,1,1,8,0,1,0,2,1
327,armenta,18447.0,JEWELRY,1,0,0,0,0,3,3,0,1,1,7,0,1,0,1,0
328,arpas,26419.0,JEWELRY,0,0,0,1,0,1,2,0,1,0,5,1,1,0,0,0
329,artcarved,64023.0,JEWELRY,0,1,0,0,0,2,3,0,2,0,9,1,1,0,1,0
330,artemest,24949.0,JEWELRY,0,1,0,0,0,2,3,0,2,0,8,1,1,0,2,0
331,artistry,82368.0,JEWELRY,0,0,0,0,0,3,2,0,2,1,8,1,1,0,2,0
332,asher,28394.0,JEWELRY,0,0,1,0,0,1,2,0,0,0,5,1,1,0,1,0
333,ashk,,JEWELRY,0,1,0,0,0,0,1,0,1,0,4,1,1,0,0,0
334,asprey,155250.0,JEWELRY,0,0,0,0,0,2,2,0,1,1,6,1,1,0,2,0
335,assael,427235.0,JEWELRY,0,0,1,0,0,1,3,0,0,0,6,2,1,0,1,0
336,astoria,,JEWELRY,1,0,0,0,0,1,4,0,1,1,7,1,1,0,1,1
337,attos,450.0,JEWELRY,0,0,0,1,0,0,2,0,2,0,5,1,1,0,0,1
338,australian,2539.0,JEWELRY,0,0,1,0,0,3,5,0,1,0,10,1,1,0,1,1
339,baccarat,15876.0,JEWELRY,0,1,0,0,0,1,3,1,2,0,8,0,0,0,0,0
340,baggins,5641.0,JEWELRY,0,0,0,1,0,1,2,1,3,0,7,1,0,0,1,0
341,balenciaga,813648.0,JEWELRY,1,0,0,0,0,2,5,1,2,1,10,0,0,0,2,0
342,bamboo,16383.0,JEWELRY,0,0,0,0,0,1,3,1,2,1,6,0,0,0,0,1
343,barsky,33997.0,JEWELRY,0,0,0,0,0,2,1,1,2,1,6,1,0,0,1,0
344,bayco,54050.0,JEWELRY,0,0,0,0,0,1,2,1,1,1,5,0,0,0,0,1
345,becoming,721.0,JEWELRY,0,1,1,0,0,2,3,1,2,0,8,0,0,0,2,1
346,belfiore,9309.0,JEWELRY,0,0,0,0,0,2,4,1,1,1,8,1,0,0,3,1
347,bellarri,11940.0,JEWELRY,0,0,0,0,0,4,3,1,1,1,8,0,0,0,2,0
348,benchmark,45915.0,JEWELRY,0,1,0,0,0,3,2,1,2,0,9,1,0,0,1,0
349,bijan,242416.0,JEWELRY,0,0,1,0,0,1,2,1,1,0,5,1,0,0,1,0
350,bioring,2917.0,JEWELRY,0,1,1,0,0,2,3,1,2,0,7,0,0,0,2,1
351,blvckout,915.0,JEWELRY,0,1,0,0,0,1,2,1,3,0,8,1,0,0,0,1
352,boma,14951.0,JEWELRY,1,0,0,0,0,1,2,1,1,1,4,0,0,0,0,1
353,brayce,267.0,JEWELRY,0,0,0,0,0,2,2,1,1,1,6,0,0,0,1,0
354,breguet,162160.0,JEWELRY,0,1,0,0,0,1,3,1,3,0,7,0,0,0,2,1
355,brighton,5830.0,JEWELRY,0,0,1,0,0,2,2,1,3,0,8,0,0,0,1,1
356,brosway,5000.0,JEWELRY,0,0,0,0,0,3,2,1,1,1,7,1,0,0,1,1
357,buccellati,18780.0,JEWELRY,0,0,0,0,0,2,4,1,2,1,10,0,0,0,2,1
358,bulgari,1870278.0,JEWELRY,0,0,0,0,0,2,3,1,2,1,7,0,0,0,1,1
359,cadar,890720.0,JEWELRY,0,0,1,0,0,1,2,0,1,0,5,0,0,0,0,0
360,canadamark,11902.0,JEWELRY,0,1,0,0,0,3,4,0,2,0,10,0,0,0,0,0
361,carelle,199.0,JEWELRY,0,0,0,0,0,3,3,0,0,1,7,0,0,0,2,0
362,carlex,413.0,JEWELRY,0,0,0,0,0,2,2,0,0,0,6,0,0,0,1,0
363,carolee,186.0,JEWELRY,0,0,0,0,0,2,4,0,0,1,7,0,0,0,1,1
364,cartier,12083449.0,JEWELRY,0,0,1,0,0,2,3,0,1,0,7,0,0,0,1,0
365,catbird,54396.0,JEWELRY,0,1,0,0,0,1,2,0,3,0,7,0,0,0,1,0
366,celtic,,JEWELRY,0,0,0,0,0,1,2,0,1,0,6,0,0,0,2,0
367,chamilia,791303.0,JEWELRY,1,0,0,0,1,2,4,0,0,1,8,1,0,0,2,0
368,chanel,571852.0,JEWELRY,0,0,1,0,1,2,2,0,0,0,6,1,0,0,1,0
369,charriol,,JEWELRY,0,0,1,0,1,3,3,0,0,0,8,1,0,0,1,1
370,chopard,7102659.0,JEWELRY,0,1,0,0,1,1,2,0,2,0,7,1,0,0,0,1
371,christofle,6821.0,JEWELRY,0,0,0,0,1,2,3,0,1,1,10,3,0,0,2,1
372,chrysalis,9401.0,JEWELRY,0,0,0,1,1,3,2,0,0,0,9,3,0,0,1,0
373,circa,4062514.0,JEWELRY,1,0,0,0,0,1,2,0,0,1,5,0,0,0,1,0
374,coach,,JEWELRY,0,0,0,1,0,0,2,0,0,0,5,1,0,0,0,1
375,colibri,,JEWELRY,0,0,0,0,0,2,3,0,1,1,7,0,0,0,2,1
376,continental,17863.0,JEWELRY,0,0,1,0,0,4,4,0,2,0,11,0,0,0,2,1
377,coomi,694060.0,JEWELRY,0,0,0,0,0,1,3,0,0,1,5,0,0,0,1,1
378,corso,,JEWELRY,0,0,0,0,0,1,2,0,0,1,5,1,0,0,0,2
379,cosa,,JEWELRY,1,0,0,0,0,0,2,0,0,1,4,1,0,0,0,1
380,crivelli,900920.0,JEWELRY,0,0,0,0,0,3,3,0,0,1,8,1,0,0,3,0
381,crownring,48512.0,JEWELRY,0,1,1,0,0,5,2,0,1,0,9,0,0,0,1,1
382,cruciani,,JEWELRY,0,0,0,0,0,2,4,0,0,1,8,0,0,0,2,1
383,dabakarov,131340.0,JEWELRY,0,0,0,1,0,1,4,1,3,0,9,1,0,0,0,1
384,dacarli,,JEWELRY,0,0,0,0,0,2,3,1,1,1,7,0,0,0,1,0
385,damiani,14611.0,JEWELRY,0,0,0,0,0,2,4,1,1,1,7,0,0,0,2,0
386,danhov,5853.0,JEWELRY,0,0,0,1,0,1,2,1,1,0,6,1,0,0,0,1
387,dannijo,220.0,JEWELRY,0,0,0,0,0,2,3,1,1,1,7,1,0,0,1,1
388,dazzlers,9401.0,JEWELRY,0,0,0,1,0,2,2,1,1,0,8,3,0,0,1,0
389,devocean,1575.0,JEWELRY,0,0,1,0,0,1,4,1,1,0,8,1,0,0,2,1
390,diamond,14861.0,JEWELRY,0,1,0,0,0,2,3,1,2,0,7,0,0,0,1,1
391,dior,604312.0,JEWELRY,0,0,1,0,0,1,2,1,1,0,4,0,0,0,1,1
392,djula,977516.0,JEWELRY,1,0,0,0,0,1,2,1,1,1,5,1,0,0,0,1
393,dnea,3240.0,JEWELRY,1,0,0,0,0,1,2,1,1,1,4,0,0,0,1,0
394,dorfman,322386.0,JEWELRY,0,0,1,0,0,3,2,1,1,0,7,1,0,0,0,1
395,dtc,21538.0,JEWELRY,0,0,0,0,0,0,0,1,2,0,3,0,0,0,0,0
396,dualitas,,JEWELRY,0,0,0,1,0,1,4,1,2,0,8,1,0,0,1,1
397,dutchcollar,128844.0,JEWELRY,0,0,1,0,0,3,3,1,2,0,11,1,0,0,0,2
398,dway,1356.0,JEWELRY,0,0,0,0,0,2,1,1,1,1,4,0,0,0,1,0
399,earstuds,95895.0,JEWELRY,0,0,0,1,0,1,3,0,2,0,8,2,1,0,1,1
400,effy,206114.0,JEWELRY,0,0,0,0,0,1,1,0,0,1,4,2,1,0,2,0
401,eliko,5641.0,JEWELRY,0,0,0,0,0,1,3,0,1,1,5,0,1,0,2,1
402,elle,1022563.0,JEWELRY,0,0,0,0,0,2,2,0,0,1,4,0,1,0,2,0
403,endless,408323.0,JEWELRY,0,0,0,1,0,2,2,0,1,0,7,2,1,0,2,0
404,enso,117496.0,JEWELRY,0,0,0,0,0,1,2,0,0,1,4,1,1,0,1,1
405,esquire,711740.0,JEWELRY,0,0,0,0,0,1,4,0,0,1,7,1,1,0,3,1
406,ettika,,JEWELRY,1,0,0,0,0,0,3,0,3,1,6,0,1,0,2,0
407,everband,964.0,JEWELRY,0,1,0,0,0,2,3,0,2,0,8,1,1,0,2,0
408,evocateur,15232.0,JEWELRY,0,0,1,0,0,1,5,0,1,0,9,1,1,0,2,2
409,faberge,1586858.0,JEWELRY,0,0,0,0,1,1,3,0,2,1,7,1,0,0,2,0
410,feri,,JEWELRY,0,0,0,0,1,1,2,0,0,1,4,1,0,0,2,0
411,forevermark,16438443.0,JEWELRY,0,1,0,0,1,4,4,0,1,0,11,2,0,0,2,1
412,forziani,1307.0,JEWELRY,0,0,0,0,1,2,4,0,0,1,8,2,0,0,2,1
413,fossil,238289.0,JEWELRY,0,0,1,0,1,1,2,0,0,0,6,3,0,0,1,1
414,gamiss,489.0,JEWELRY,0,0,0,1,0,1,2,1,1,0,6,2,0,0,1,0
415,gemfields,1082383.0,JEWELRY,0,0,0,1,0,2,3,1,2,0,9,2,0,0,2,0
416,gemiana,3160.0,JEWELRY,1,0,0,0,0,2,4,1,1,1,7,0,0,0,2,0
417,gemio,1224.0,JEWELRY,0,0,0,0,0,1,3,1,1,1,5,0,0,0,2,1
418,gemvision,1597.0,JEWELRY,0,0,1,0,0,2,4,1,1,0,9,2,0,0,3,1
419,genesis,172076.0,JEWELRY,0,0,0,1,0,1,3,1,1,0,7,2,0,0,3,0
420,gia,141310.0,JEWELRY,1,0,0,0,0,0,2,1,1,1,3,0,0,0,1,0
421,gielo,220.0,JEWELRY,0,0,0,0,0,1,3,1,1,1,5,0,0,0,1,1
422,givenchy,774910.0,JEWELRY,0,0,0,0,0,2,2,1,1,1,8,2,0,0,3,0
423,global,22511.0,JEWELRY,0,0,1,0,0,2,2,1,2,0,6,0,0,0,0,1
424,gm,3728.0,JEWELRY,0,0,1,0,0,1,0,1,1,0,2,0,0,0,0,0
425,goldman,26419.0,JEWELRY,0,0,1,0,0,3,2,1,2,0,7,0,0,0,0,1
426,goldstein,130572.0,JEWELRY,0,0,1,0,0,2,3,1,3,0,9,1,0,0,1,1
427,gothrider,,JEWELRY,0,0,1,0,0,2,3,1,3,0,9,1,0,0,2,1
428,graff,2881781.0,JEWELRY,0,0,0,1,0,1,1,1,1,0,5,2,0,0,0,0
429,gucci,929157.0,JEWELRY,0,0,0,0,0,0,2,1,1,1,5,0,0,0,1,1
430,gurhan,283658.0,JEWELRY,0,0,1,0,0,2,2,1,1,0,6,0,0,0,0,1
431,happylaulea,2564.0,JEWELRY,1,0,0,0,0,3,5,0,2,1,11,0,0,0,1,1
432,henne,10614.0,JEWELRY,0,0,0,0,0,2,2,0,0,1,5,0,0,0,2,0
433,herco,69101.0,JEWELRY,0,0,0,0,0,1,2,0,0,1,5,0,0,0,1,1
434,hermes,4150101.0,JEWELRY,0,0,0,1,0,2,2,0,0,0,6,1,0,0,2,0
435,hidalgo,834.0,JEWELRY,0,0,0,0,0,1,3,0,2,1,7,0,0,0,1,1
436,hinsongayle,,JEWELRY,0,0,0,0,0,4,4,0,1,1,11,1,0,0,2,1
437,hiraco,,JEWELRY,0,0,0,0,0,1,3,0,0,1,6,0,0,0,1,1
438,honora,208401.0,JEWELRY,1,0,0,0,0,2,3,0,0,1,6,0,0,0,0,2
439,hublot,135016.0,JEWELRY,0,1,0,0,0,1,2,0,2,0,6,0,0,0,0,2
440,imperial,21341.0,JEWELRY,0,0,1,0,0,3,4,0,1,0,8,0,1,0,3,0
441,induo,19.0,JEWELRY,0,0,0,0,0,1,3,0,1,1,5,0,1,0,1,2
442,inox,11001.0,JEWELRY,0,0,0,0,0,1,2,0,0,0,4,0,1,0,1,1
443,ippolita,5496.0,JEWELRY,1,0,0,0,0,1,4,0,3,1,8,0,1,0,2,1
444,ironman,,JEWELRY,0,0,1,0,0,4,3,0,0,0,7,0,1,0,1,1
445,isharya,,JEWELRY,1,0,0,0,0,2,3,0,0,1,7,1,1,0,1,0
446,jennybird,,JEWELRY,0,1,0,0,1,4,2,0,2,0,9,1,0,0,2,0
447,jeulia,26688.0,JEWELRY,1,0,0,0,1,1,4,0,0,1,6,1,0,0,2,1
448,jewelex,45221.0,JEWELRY,0,0,0,0,1,2,3,0,0,0,7,1,0,0,3,0
449,jewelmer,250038.0,JEWELRY,0,0,1,0,1,4,3,0,0,0,8,1,0,0,3,0
450,joden,11015.0,JEWELRY,0,0,1,0,1,1,2,0,1,0,5,1,0,0,1,1
451,jostens,187033.0,JEWELRY,0,0,0,1,1,1,2,0,1,0,7,3,0,0,1,1
452,kameleon,16923.0,JEWELRY,0,0,1,0,0,3,4,1,1,0,8,0,0,0,2,1
453,kgk,37604.0,JEWELRY,0,1,0,0,0,0,0,1,3,0,3,0,0,0,0,0
454,khailo,272.0,JEWELRY,0,0,0,0,0,1,3,1,1,1,6,0,0,0,1,1
455,khom,,JEWELRY,0,0,1,0,0,1,1,1,1,0,4,0,0,0,0,1
456,kiran,1341.0,JEWELRY,0,0,1,0,0,2,2,1,1,0,5,0,0,0,1,0
457,kkgi,4231.0,JEWELRY,0,0,0,0,0,0,1,1,3,1,4,0,0,0,1,0
458,knot,37604.0,JEWELRY,0,1,0,0,0,1,1,1,2,0,4,0,0,0,0,1
459,kobelli,,JEWELRY,0,0,0,0,0,2,3,1,2,1,7,0,0,0,2,1
460,kozi,4561.0,JEWELRY,0,0,0,0,0,0,2,1,1,1,4,1,0,0,1,1
461,krikawa,,JEWELRY,1,0,0,0,0,2,3,1,2,1,7,0,0,0,1,0
462,kristall,,JEWELRY,0,0,1,0,0,3,2,1,2,0,8,1,0,0,1,0
463,kwiat,1277451.0,JEWELRY,0,1,0,0,0,1,2,1,2,0,5,0,0,0,1,0
464,lagos,446368.0,JEWELRY,0,0,0,1,0,1,2,0,1,0,5,1,0,1,0,1
465,lalique,3500.0,JEWELRY,0,0,0,0,0,2,4,0,0,1,7,0,0,1,2,1
466,lana,12000.0,JEWELRY,1,0,0,0,0,2,2,0,0,1,4,0,0,1,0,0
467,lashbrook,84333.0,JEWELRY,0,1,0,0,0,2,3,0,2,0,9,1,0,1,0,1
468,lavaggi,3436.0,JEWELRY,0,0,0,0,0,1,3,0,2,1,7,1,0,1,1,0
469,leslie,21896.0,JEWELRY,0,0,0,0,0,2,3,0,0,1,6,1,0,1,2,0
470,liberty,2539.0,JEWELRY,0,0,0,0,0,3,2,0,2,1,7,0,0,1,3,0
471,lift,,JEWELRY,0,1,0,0,0,1,1,0,1,0,4,1,0,1,1,0
472,lili,32781.0,JEWELRY,0,0,0,0,0,2,2,0,0,1,4,0,0,1,2,0
473,livingstone,23880.0,JEWELRY,0,0,0,0,0,3,4,0,2,1,11,2,0,1,3,1
474,lokai,32099.0,JEWELRY,0,0,0,0,0,1,3,0,1,1,5,0,0,1,1,1
475,lotus,45174.0,JEWELRY,0,0,0,1,0,1,2,0,1,0,5,1,0,1,0,2
476,lunkae,,JEWELRY,0,0,0,0,0,2,3,0,1,1,6,0,0,1,1,1
477,luvente,107268.0,JEWELRY,0,0,0,0,0,2,3,0,1,1,7,1,0,1,2,1
478,madani,1344.0,JEWELRY,0,0,0,0,0,2,3,0,1,1,6,0,0,1,1,0
479,majorica,300.0,JEWELRY,1,0,0,0,0,2,4,0,0,1,8,1,0,1,1,1
480,mantraband,12018.0,JEWELRY,0,1,0,0,0,4,3,0,3,0,10,0,0,1,0,0
481,marika,45221.0,JEWELRY,1,0,0,0,0,2,3,0,1,1,6,0,0,1,1,0
482,marli,121620.0,JEWELRY,0,0,0,0,0,3,2,0,0,1,5,0,0,1,1,0
483,mastoloni,298377.0,JEWELRY,0,0,0,0,0,3,4,0,1,1,9,1,0,1,1,2
484,mattioli,590730.0,JEWELRY,0,0,0,0,0,2,4,0,2,1,8,0,0,1,2,1
485,messika,1316344.0,JEWELRY,1,0,0,0,0,1,3,0,1,1,7,2,0,1,2,0
486,metalicious,25921.0,JEWELRY,0,0,0,1,0,2,6,0,1,0,11,1,0,1,3,1
487,miansai,27581.0,JEWELRY,0,0,0,0,0,2,4,0,0,1,7,1,0,1,2,0
488,michele,115.0,JEWELRY,0,0,0,0,0,2,3,0,0,1,7,1,0,1,3,0
489,michou,2539.0,JEWELRY,0,0,0,0,0,1,3,0,0,1,6,1,0,1,1,1
490,midas,177243.0,JEWELRY,0,0,0,1,0,1,2,0,1,0,5,1,0,1,1,0
491,mikimoto,5152165.0,JEWELRY,0,0,0,0,0,2,4,0,2,1,8,0,0,1,2,2
492,milano,523.0,JEWELRY,0,0,0,0,0,3,3,0,0,1,6,0,0,1,1,1
493,mioro,40143.0,JEWELRY,0,0,0,0,0,2,3,0,0,1,5,0,0,1,1,2
494,misahara,322090.0,JEWELRY,1,0,0,0,0,2,4,0,0,1,8,1,0,1,1,0
495,mister,6088.0,JEWELRY,0,0,1,0,0,2,2,0,1,0,6,1,0,1,2,0
496,mokumeganeya,314.0,JEWELRY,1,0,0,0,0,4,6,0,2,1,12,0,0,1,2,2
497,motif,28001.0,JEWELRY,0,0,0,1,0,1,2,0,1,0,5,1,0,1,1,1
498,movado,376794.0,JEWELRY,0,0,0,0,0,1,3,0,1,1,6,1,0,1,0,2
499,murat,18802.0,JEWELRY,0,1,0,0,0,2,2,0,1,0,5,0,0,1,0,1
500,muzo,,JEWELRY,0,0,0,0,0,1,2,0,0,1,4,1,0,1,0,2
501,naledi,693.0,JEWELRY,0,0,0,0,0,2,3,0,1,1,6,0,0,1,2,0
502,nambe,570.0,JEWELRY,0,0,0,0,0,2,2,0,1,1,5,0,0,1,1,0
503,nelson,116386.0,JEWELRY,0,0,1,0,0,3,2,0,0,0,6,1,0,1,1,1
504,nest,471465.0,JEWELRY,0,1,0,0,0,1,1,0,1,0,4,1,0,1,1,0
505,nialaya,,JEWELRY,1,0,0,0,0,3,4,0,0,1,7,0,0,1,1,0
506,ninacci,18802.0,JEWELRY,0,0,0,0,0,2,3,0,0,1,7,0,0,1,2,0
507,nomination,130.0,JEWELRY,0,0,1,0,0,4,5,0,1,0,10,0,0,1,2,2
508,nuvoboho,18.0,JEWELRY,0,0,0,0,0,1,4,0,1,1,8,1,0,1,0,4
509,omega,97687.0,JEWELRY,1,0,0,0,0,1,3,0,1,1,5,0,1,0,1,1
510,onecklace,,JEWELRY,0,0,0,0,0,2,4,0,1,1,9,0,1,0,2,1
511,oressence,18802.0,JEWELRY,0,0,0,0,0,2,4,0,0,1,9,2,1,0,3,1
512,ovadia,2539.0,JEWELRY,1,0,0,0,0,0,4,0,1,1,6,1,1,0,1,1
513,pampillonia,133.0,JEWELRY,1,0,0,0,0,4,5,1,2,1,11,0,0,0,2,1
514,pandora,61035054.0,JEWELRY,1,0,0,0,0,2,3,1,2,1,7,0,0,0,0,1
515,paragon,2539.0,JEWELRY,0,0,1,0,0,2,3,1,2,0,7,0,0,0,0,1
516,persona,1433542.0,JEWELRY,1,0,0,0,0,2,3,1,1,1,7,1,0,0,1,1
517,piaget,708593.0,JEWELRY,0,1,0,0,0,0,3,1,3,0,6,0,0,0,2,0
518,picchiotti,529995.0,JEWELRY,0,0,0,0,0,0,4,1,3,1,10,1,0,0,3,1
519,platini,9401.0,JEWELRY,0,0,0,0,0,2,3,1,2,1,7,0,0,0,2,0
520,platinum,32497.0,JEWELRY,0,0,1,0,0,3,3,1,2,0,8,0,0,0,1,1
521,pomellato,,JEWELRY,0,0,0,0,0,3,4,1,2,1,9,0,0,0,1,2
522,preciosa,2.0,JEWELRY,1,0,0,0,0,1,4,1,1,1,8,1,0,0,2,1
523,pyrrha,3917.0,JEWELRY,1,0,0,0,0,3,1,1,1,1,6,0,0,0,0,0
524,qalo,90327.0,JEWELRY,0,0,0,0,0,1,2,0,0,1,4,0,0,0,0,1
525,quid,,JEWELRY,0,1,0,0,0,0,2,0,1,0,4,0,0,0,1,1
526,rahaminov,162773.0,JEWELRY,0,0,0,1,0,3,4,0,0,0,9,1,0,1,1,1
527,rajola,28203.0,JEWELRY,1,0,0,0,0,2,3,0,0,1,6,1,0,1,0,1
528,rdi,21341.0,JEWELRY,0,0,0,0,0,1,1,0,1,1,3,0,0,1,1,0
529,rebecca,7700.0,JEWELRY,1,0,0,0,0,1,3,0,1,1,7,0,0,1,2,0
530,relica,1704.0,JEWELRY,1,0,0,0,0,2,3,0,0,1,6,0,0,1,2,0
531,repossi,2350733.0,JEWELRY,0,0,0,0,0,1,3,0,1,1,7,2,0,1,2,1
532,ritani,7694565.0,JEWELRY,0,0,0,0,0,2,3,0,1,1,6,0,0,1,2,0
533,rmc,5360.0,JEWELRY,0,0,0,0,0,2,0,0,0,0,3,0,0,1,0,0
534,romance,809.0,JEWELRY,0,0,0,0,0,3,3,0,0,1,7,0,0,1,1,1
535,rommanel,14736.0,JEWELRY,0,0,1,0,0,5,3,0,0,0,8,0,0,1,1,1
536,rosemarie,1154.0,JEWELRY,0,0,0,0,0,3,5,0,0,1,9,1,0,1,2,1
537,roxy,287.0,JEWELRY,0,0,0,0,0,2,1,0,0,1,4,0,0,1,1,1
538,schaffrath,18802.0,JEWELRY,0,0,0,1,1,1,2,0,1,0,10,5,0,0,0,0
539,sequel,128.0,JEWELRY,0,0,1,0,1,1,3,0,0,0,6,1,0,0,2,1
540,serinium,,JEWELRY,0,0,1,0,1,3,4,0,0,0,8,1,0,0,3,1
541,shinola,3446.0,JEWELRY,1,0,0,0,1,2,3,0,0,1,7,1,0,0,1,1
542,sibilia,6390.0,JEWELRY,1,0,0,0,1,1,4,0,1,1,7,1,0,0,3,0
543,signity,2250.0,JEWELRY,0,0,0,0,1,2,2,0,2,1,7,1,0,0,3,0
544,sindbad,9401.0,JEWELRY,0,1,0,0,1,1,2,0,3,0,7,1,0,0,1,0
545,skagen,5285.0,JEWELRY,0,0,1,0,1,1,2,0,2,0,6,1,0,0,1,0
546,skydin,72.0,JEWELRY,0,0,1,0,1,2,1,0,2,0,6,1,0,0,1,0
547,snbt,206.0,JEWELRY,0,1,0,0,1,1,0,0,2,0,4,1,0,0,0,0
548,soko,167692.0,JEWELRY,0,0,0,0,1,0,2,0,1,1,4,1,0,0,0,2
549,soleil,9401.0,JEWELRY,0,0,1,0,1,2,3,0,0,0,6,1,0,0,1,1
550,sollbergers,155.0,JEWELRY,0,0,0,1,1,4,3,0,2,0,11,2,0,0,2,1
551,solo,13356.0,JEWELRY,0,0,0,0,1,1,2,0,0,1,4,1,0,0,0,2
552,somers,80000.0,JEWELRY,0,0,0,1,1,2,2,0,0,0,6,2,0,0,1,1
553,somor,9401.0,JEWELRY,0,0,1,0,1,2,2,0,0,0,5,1,0,0,0,2
554,sorrelli,2244.0,JEWELRY,0,0,0,0,1,4,3,0,0,1,8,1,0,0,2,1
555,spark,790490.0,JEWELRY,0,1,0,0,1,1,1,0,2,0,5,1,0,0,0,0
556,spb,94010.0,JEWELRY,0,1,0,0,1,0,0,0,2,0,3,1,0,0,0,0
557,speechlust,695.0,JEWELRY,0,1,0,0,1,1,3,0,2,0,10,3,0,0,1,1
558,stauer,387214.0,JEWELRY,0,0,1,0,1,1,3,0,1,0,6,1,0,0,1,1
559,storm,,JEWELRY,0,0,1,0,1,2,1,0,1,0,5,1,0,0,0,1
560,stuller,726027.0,JEWELRY,0,0,1,0,1,3,2,0,1,0,7,1,0,0,1,1
561,swarovski,3165925.0,JEWELRY,0,0,0,0,1,2,3,0,1,1,9,3,0,0,1,1
562,swatch,162395.0,JEWELRY,0,0,0,1,1,1,1,0,1,0,6,2,0,0,0,0
563,sylvie,671858.0,JEWELRY,0,0,0,0,1,2,2,0,0,1,6,2,0,0,1,0
564,szor,746.0,JEWELRY,0,0,1,0,1,1,1,0,0,0,4,2,0,0,0,1
565,tacori,15610182.0,JEWELRY,0,0,0,0,0,1,3,1,1,1,6,0,0,0,1,1
566,taj,10579.0,JEWELRY,0,0,0,0,0,0,1,1,1,0,3,1,0,0,0,0
567,takat,229343.0,JEWELRY,0,1,0,0,0,0,2,1,3,0,5,0,0,0,0,0
568,takohl,161870.0,JEWELRY,0,0,1,0,0,1,2,1,2,0,6,0,0,0,0,1
569,tateossian,42000.0,JEWELRY,0,0,1,0,0,1,5,1,2,0,10,2,0,0,2,1
570,technaoro,11940.0,JEWELRY,0,0,0,0,0,2,4,1,1,1,9,1,0,0,1,2
571,teno,23182.0,JEWELRY,0,0,0,0,0,1,2,1,1,1,4,0,0,0,1,1
572,tenoara,,JEWELRY,1,0,0,0,0,2,4,1,1,1,7,0,0,0,1,1
573,thorsten,72867.0,JEWELRY,0,0,1,0,1,2,2,1,2,0,8,2,0,0,1,1
574,tiffany,21668461.0,JEWELRY,0,0,0,0,0,2,2,1,1,1,7,2,0,0,2,0
575,titanium,140663.0,JEWELRY,0,0,1,0,0,2,4,1,2,0,8,0,0,0,2,1
576,tous,1529108.0,JEWELRY,0,0,0,1,0,0,2,1,1,0,4,1,0,0,0,1
577,tribes,,JEWELRY,0,0,0,1,0,1,2,1,2,0,6,1,0,0,2,0
578,triton,47195.0,JEWELRY,0,0,1,0,0,2,2,1,2,0,6,0,0,0,1,1
579,tritonraw,2539.0,JEWELRY,0,0,0,0,0,4,3,1,2,0,9,0,0,0,1,1
580,trollbeads,28752.0,JEWELRY,0,0,0,1,0,3,3,1,3,0,10,1,0,0,1,1
581,twogether,5087.0,JEWELRY,0,0,1,0,0,2,3,1,3,0,9,1,0,0,2,1
582,unavelo,28203.0,JEWELRY,0,0,0,0,0,2,4,0,0,1,7,1,1,0,1,2
583,uneek,5705.0,JEWELRY,0,1,0,0,0,1,3,0,1,0,5,0,1,0,1,1
584,uni,6900.0,JEWELRY,0,0,0,0,0,1,2,0,0,1,3,0,1,0,1,1
585,valentino,320544.0,JEWELRY,0,0,0,0,1,3,4,0,1,1,9,1,0,0,2,1
586,valina,1069.0,JEWELRY,1,0,0,0,1,2,3,0,0,1,6,1,0,0,1,0
587,vantani,,JEWELRY,0,0,0,0,1,2,3,0,1,1,7,1,0,0,1,0
588,vendorafa,120405.0,JEWELRY,1,0,0,0,1,2,4,0,1,1,9,2,0,0,1,1
589,verdura,1172243.0,JEWELRY,1,0,0,0,1,2,3,0,1,1,7,1,0,0,1,1
590,verragio,323340.0,JEWELRY,0,0,0,0,1,2,4,0,1,1,8,1,0,0,2,1
591,versace,2727.0,JEWELRY,0,0,0,0,1,1,3,0,0,1,7,2,0,0,2,0
592,vhernier,1870751.0,JEWELRY,0,0,1,0,1,3,3,0,0,0,8,1,0,0,2,0
593,vicenza,18239.0,JEWELRY,1,0,0,0,1,1,3,0,0,1,7,2,0,0,2,0
594,victoria,4800.0,JEWELRY,1,0,0,0,1,1,4,0,1,1,8,1,0,0,2,1
595,vivaan,,JEWELRY,0,0,1,0,1,1,3,0,0,0,6,2,0,0,1,0
596,wanderer,8686.0,JEWELRY,0,0,1,0,0,4,3,0,1,0,8,0,0,1,2,0
597,wellendorff,4191.0,JEWELRY,0,0,0,1,0,5,3,0,1,0,11,2,0,1,2,1
598,wlc,9401.0,JEWELRY,0,0,0,0,0,2,0,0,0,0,3,0,0,1,0,0
599,wolf,4608.0,JEWELRY,0,0,0,1,0,2,1,0,0,0,4,1,0,1,0,1
600,ych,8462.0,JEWELRY,0,0,0,1,0,1,0,0,0,0,3,1,0,1,0,0
601,yvel,596520.0,JEWELRY,0,0,1,0,0,2,1,0,0,0,4,1,0,1,1,0
602,zanggarts,,JEWELRY,0,0,0,1,1,2,2,0,3,0,9,2,0,0,0,0
603,zeeba,5000.0,JEWELRY,1,0,0,0,1,0,3,0,1,1,5,1,0,0,1,0
604,zeghani,3080.0,JEWELRY,0,0,0,0,1,1,3,0,1,1,7,1,0,0,2,0
605,zen,102740.0,JEWELRY,0,0,1,0,1,1,1,0,0,0,3,1,0,0,1,0
606,zenger,27267.0,JEWELRY,0,0,1,0,1,2,2,0,1,0,6,1,0,0,2,0
607,zenove,11001.0,JEWELRY,0,0,0,0,1,1,3,0,0,1,6,2,0,0,2,1
608,ziggit,907.0,JEWELRY,0,1,0,0,1,0,2,0,3,0,6,1,0,0,2,0
609,zorrata,11584.0,JEWELRY,1,0,0,0,1,2,3,0,1,1,7,1,0,0,0,1
610,zydo,3082.0,JEWELRY,0,0,0,0,1,1,1,0,1,1,4,1,0,0,0,1
611,axe,480765.0,MEN_HAIRCARE,0,0,0,0,0,0,2,0,0,1,3,0,1,0,1,0
612,clash,9001.0,MEN_HAIRCARE,0,0,0,1,0,1,1,0,0,0,5,1,0,0,0,0
613,cremo,34817.0,MEN_HAIRCARE,0,0,0,0,0,2,2,0,0,1,5,0,0,0,1,1
614,fish,11767.0,MEN_HAIRCARE,0,0,0,1,1,0,1,0,0,0,4,2,0,0,1,0
615,fisticuffs,179.0,MEN_HAIRCARE,0,0,0,1,1,0,3,0,1,0,10,5,0,0,2,1
616,hilee,205.0,MEN_HAIRCARE,0,0,0,0,0,1,3,0,0,1,5,0,0,0,2,0
617,jax,6672.0,MEN_HAIRCARE,0,0,0,0,1,0,1,0,0,0,3,1,0,0,0,0
618,kiehls,7397.0,MEN_HAIRCARE,0,0,0,1,0,1,2,1,1,0,6,1,0,0,1,0
619,murrays,6512.0,MEN_HAIRCARE,0,0,0,1,0,4,2,0,0,0,7,1,0,1,0,1
620,rogaine,9489.0,MEN_HAIRCARE,0,0,0,0,0,2,4,0,1,1,7,0,0,1,2,1
621,contenders,270.0,MEN_UNDERWEAR,0,0,0,1,0,3,3,0,2,0,10,1,0,0,2,1
622,dailyjocks,3222.0,MEN_UNDERWEAR,0,0,0,1,0,2,3,1,2,0,10,2,0,0,1,1
623,diesel,36170.0,MEN_UNDERWEAR,0,0,1,0,0,1,3,1,1,0,6,1,0,0,2,0
624,eroix,,MEN_UNDERWEAR,0,0,0,0,0,1,3,0,0,0,5,0,1,0,2,1
625,frigo,5314515.0,MEN_UNDERWEAR,0,0,0,0,1,1,2,0,1,1,5,1,0,0,1,1
626,guess,475640.0,MEN_UNDERWEAR,0,0,0,1,0,0,2,1,1,0,5,2,0,0,1,1
627,hanes,884669.0,MEN_UNDERWEAR,0,0,0,1,0,1,2,0,0,0,5,1,0,0,1,0
628,jockey,5925223.0,MEN_UNDERWEAR,0,0,0,0,1,1,2,0,1,1,6,1,0,0,2,1
629,mypakage,2894.0,MEN_UNDERWEAR,0,0,0,0,0,2,3,0,3,1,8,0,0,1,1,0
630,pump,73.0,MEN_UNDERWEAR,0,1,0,0,0,1,1,1,2,0,4,0,0,0,0,1
631,saxx,60151.0,MEN_UNDERWEAR,0,0,0,0,1,0,1,0,0,0,4,1,0,0,0,0
632,sheath,6254.0,MEN_UNDERWEAR,0,0,0,1,1,0,2,0,1,0,6,2,0,0,1,0
633,spanx,123.0,MEN_UNDERWEAR,0,0,0,0,1,1,1,0,1,0,5,1,0,0,0,0
634,stance,4614.0,MEN_UNDERWEAR,0,0,0,0,1,1,2,0,1,1,6,1,0,0,1,0
635,tani,8712.0,MEN_UNDERWEAR,0,0,0,0,0,1,2,1,1,1,4,0,0,0,1,0
636,ufm,481.0,MEN_UNDERWEAR,0,0,1,0,0,1,1,0,0,0,3,1,1,0,0,1
637,wolsey,,MEN_UNDERWEAR,0,0,0,0,0,3,2,0,0,1,6,1,0,1,2,1
638,aeroprecision,23507.0,MILITARY,0,0,1,0,0,3,7,0,1,0,13,1,1,0,4,2
639,airbus,45911.0,MILITARY,0,0,0,1,0,1,3,0,1,0,6,1,1,0,1,1
640,austal,9660.0,MILITARY,0,0,1,0,0,1,3,0,1,0,6,1,1,0,0,1
641,barracuda,1481.0,MILITARY,1,0,0,0,0,2,4,1,2,1,9,0,0,0,0,1
642,barrett,1653.0,MILITARY,0,1,0,0,0,2,2,1,3,0,7,0,0,0,1,0
643,battelle,1351.0,MILITARY,0,0,0,0,0,2,3,1,3,1,8,0,0,0,2,0
644,boecore,1098.0,MILITARY,0,0,0,0,0,1,4,1,1,1,7,0,0,0,2,2
645,boeing,231074.0,MILITARY,0,1,1,0,0,1,3,1,2,0,6,0,0,0,1,1
646,cobham,1227.0,MILITARY,0,0,1,0,0,1,2,0,1,0,6,0,0,0,0,1
647,dsei,,MILITARY,0,0,0,0,0,0,2,1,1,1,4,1,0,0,1,0
648,embraer,8931.0,MILITARY,0,0,1,0,0,3,3,0,1,0,7,0,1,0,2,0
649,esw,5200.0,MILITARY,0,0,0,0,0,1,1,0,0,0,3,1,1,0,1,0
650,honeywell,9883.0,MILITARY,0,0,1,0,0,5,3,0,0,0,9,0,0,0,2,1
651,iai,29898.0,MILITARY,0,0,0,0,0,0,3,0,0,1,3,0,1,0,2,0
652,mbda,,MILITARY,1,0,0,0,0,1,1,0,2,1,4,0,0,1,0,0
653,mtu,237400.0,MILITARY,0,0,0,0,0,1,1,0,1,1,3,0,0,1,0,1
654,oshkosh,330.0,MILITARY,0,0,0,1,0,0,2,0,1,0,7,2,1,0,0,2
655,rafael,,MILITARY,0,0,1,0,0,2,3,0,0,0,6,1,0,1,1,0
656,raytheon,139831.0,MILITARY,0,0,1,0,0,3,3,0,1,0,8,1,0,1,1,1
657,revision,,MILITARY,0,0,1,0,0,2,4,0,0,0,8,2,0,1,3,1
658,skedco,3241.0,MILITARY,0,0,0,0,1,0,2,0,2,1,6,1,0,0,1,1
659,snc,,MILITARY,0,0,0,0,1,1,0,0,0,0,3,1,0,0,0,0
660,src,,MILITARY,0,0,0,0,1,1,0,0,0,0,3,1,0,0,0,0
661,textron,137134.0,MILITARY,0,0,1,0,0,2,2,1,2,0,7,0,0,0,1,1
662,aaladin,1870.0,POWER_TOOLS,0,0,1,0,0,2,4,0,1,0,7,0,1,0,1,0
663,accuquilt,1376.0,POWER_TOOLS,0,1,0,0,0,1,4,0,1,0,9,0,1,0,1,2
664,acdelco,21203.0,POWER_TOOLS,0,0,0,0,0,1,3,0,1,1,7,0,1,0,1,1
665,acradyne,4649.0,POWER_TOOLS,0,0,0,0,0,3,3,0,1,1,8,0,1,0,1,0
666,aircat,156895.0,POWER_TOOLS,0,1,0,0,0,1,3,0,1,0,6,0,1,0,1,0
667,airvantage,80172.0,POWER_TOOLS,0,0,0,0,0,2,5,0,2,1,10,1,1,0,2,0
668,alemite,25444.0,POWER_TOOLS,0,0,0,0,0,2,4,0,1,1,7,0,1,0,3,0
669,armorthane,13781.0,POWER_TOOLS,0,0,0,0,0,4,4,0,1,1,10,1,1,0,1,1
670,armstrong,13502.0,POWER_TOOLS,0,1,1,0,0,4,2,0,2,0,9,1,1,0,0,1
671,arrow,387.0,POWER_TOOLS,0,0,0,0,0,3,2,0,0,0,5,0,1,0,0,1
672,aven,7668.0,POWER_TOOLS,0,0,1,0,0,1,2,0,0,0,4,1,1,0,1,0
673,bartell,9615.0,POWER_TOOLS,0,0,1,0,0,3,2,1,2,0,7,0,0,0,1,0
674,bernzomatic,5651.0,POWER_TOOLS,0,0,0,0,0,3,4,1,2,0,11,1,0,0,2,1
675,bessey,,POWER_TOOLS,0,0,0,0,0,1,2,1,1,1,6,2,0,0,3,0
676,bikemaster,,POWER_TOOLS,0,0,1,0,0,2,4,1,3,0,10,1,0,0,3,0
677,biteharder,1014.0,POWER_TOOLS,0,0,1,0,0,2,4,1,3,0,10,0,0,0,3,0
678,bosch,171289.0,POWER_TOOLS,0,0,0,1,0,0,1,1,1,0,5,2,0,0,0,1
679,bostitch,371.0,POWER_TOOLS,0,0,0,1,0,0,2,1,3,0,8,2,0,0,1,1
680,bowclamp,44100.0,POWER_TOOLS,0,1,0,0,0,3,2,1,2,0,8,0,0,0,0,1
681,bowtie,646.0,POWER_TOOLS,0,0,0,0,0,1,3,1,2,1,6,0,0,0,1,1
682,bristol,1029.0,POWER_TOOLS,0,0,1,0,0,2,2,1,2,0,7,1,0,0,1,1
683,central,22265.0,POWER_TOOLS,0,0,1,0,0,3,2,0,1,0,7,0,0,0,1,0
684,channellock,5610899.0,POWER_TOOLS,0,1,0,0,1,4,3,0,1,0,11,1,0,0,1,1
685,cleco,3163.0,POWER_TOOLS,0,0,0,0,0,1,2,0,0,1,5,0,0,0,1,1
686,cmt,44100.0,POWER_TOOLS,0,1,0,0,0,1,0,0,1,0,3,0,0,0,0,0
687,craftsman,2650625.0,POWER_TOOLS,0,0,1,0,0,3,2,0,1,0,9,2,0,0,0,0
688,crescent,227760.0,POWER_TOOLS,0,1,0,0,0,2,2,0,1,0,8,1,0,0,2,0
689,daetwyler,6400.0,POWER_TOOLS,0,0,1,0,0,4,3,1,2,0,9,0,0,0,2,0
690,deckwise,12476.0,POWER_TOOLS,0,0,0,0,0,1,3,1,2,1,8,1,0,0,3,0
691,delta,176512.0,POWER_TOOLS,1,0,0,0,0,1,2,1,2,1,5,0,0,0,1,0
692,dentfix,175655.0,POWER_TOOLS,0,0,0,0,0,1,2,1,2,0,7,1,0,0,2,0
693,detro,8351.0,POWER_TOOLS,0,0,0,0,0,1,2,1,2,1,5,0,0,0,1,1
694,dewalt,542821.0,POWER_TOOLS,0,1,0,0,0,2,2,1,2,0,6,0,0,0,1,0
695,diablo,51916.0,POWER_TOOLS,0,0,0,0,0,1,3,1,2,1,6,0,0,0,1,1
696,dowelmax,168225.0,POWER_TOOLS,0,0,0,0,0,3,3,1,1,0,8,0,0,0,1,1
697,dr,66143.0,POWER_TOOLS,0,0,1,0,0,1,0,1,1,0,2,0,0,0,0,0
698,dremel,39943.0,POWER_TOOLS,0,0,1,0,0,3,2,1,1,0,6,0,0,0,2,0
699,duragrit,,POWER_TOOLS,0,1,0,0,0,2,3,1,3,0,8,0,0,0,1,1
700,dynablast,5020.0,POWER_TOOLS,0,1,0,0,0,3,2,1,3,0,9,1,0,0,0,0
701,dynabrade,2924.0,POWER_TOOLS,0,0,0,0,0,3,3,1,3,1,9,0,0,0,1,0
702,eastwood,433215.0,POWER_TOOLS,0,1,0,0,0,1,4,0,2,0,8,1,1,0,1,1
703,echo,11760.0,POWER_TOOLS,0,0,0,0,0,0,2,0,0,1,4,1,1,0,1,1
704,edco,63902.0,POWER_TOOLS,0,0,0,0,0,0,2,0,1,1,4,0,1,0,1,1
705,equalizer,16301.0,POWER_TOOLS,0,0,1,0,0,2,5,0,0,0,9,1,1,0,3,1
706,ernst,95418.0,POWER_TOOLS,0,1,0,0,0,2,1,0,1,0,5,1,1,0,1,0
707,estwing,2572.0,POWER_TOOLS,0,1,1,0,0,2,2,0,2,0,7,1,1,0,2,0
708,eversharp,142.0,POWER_TOOLS,0,1,0,0,0,2,3,0,1,0,9,2,1,0,2,0
709,exair,25063.0,POWER_TOOLS,0,0,1,0,0,1,3,0,0,0,5,0,1,0,2,0
710,ezwoodshop,,POWER_TOOLS,0,1,0,0,0,1,4,0,2,0,10,2,1,0,1,2
711,festool,963656.0,POWER_TOOLS,0,0,1,0,1,1,3,0,1,0,7,2,0,0,1,1
712,fieldpiece,1248.0,POWER_TOOLS,0,0,0,0,1,1,5,0,2,1,10,1,0,0,3,0
713,fiskars,171.0,POWER_TOOLS,0,0,0,1,1,1,2,0,1,0,7,3,0,0,1,0
714,flexisander,,POWER_TOOLS,0,0,1,0,1,3,4,0,1,0,11,2,0,0,3,0
715,forrest,199122.0,POWER_TOOLS,0,1,0,0,1,2,2,0,1,0,7,2,0,0,1,1
716,freud,670889.0,POWER_TOOLS,0,1,0,0,1,1,2,0,1,0,5,1,0,0,1,1
717,gearwrench,206048.0,POWER_TOOLS,0,0,0,1,0,4,3,1,1,0,10,1,0,0,2,0
718,gema,20139.0,POWER_TOOLS,1,0,0,0,0,1,2,1,1,1,4,0,0,0,1,0
719,generac,28722.0,POWER_TOOLS,0,0,0,0,0,2,3,1,1,0,7,0,0,0,2,0
720,general,75531.0,POWER_TOOLS,0,0,1,0,0,3,3,1,1,0,7,0,0,0,2,0
721,gomaco,127476.0,POWER_TOOLS,0,0,0,0,0,1,3,1,1,1,6,0,0,0,0,2
722,goodson,,POWER_TOOLS,0,0,1,0,0,1,3,1,2,0,7,1,0,0,0,2
723,goodway,5817.0,POWER_TOOLS,0,0,0,0,0,2,3,1,2,1,7,0,0,0,1,1
724,grabit,163.0,POWER_TOOLS,0,1,0,0,0,1,2,1,3,0,6,0,0,0,1,0
725,grainger,475249.0,POWER_TOOLS,0,0,1,0,0,3,3,1,2,0,8,0,0,0,2,0
726,greenworks,304.0,POWER_TOOLS,0,0,0,1,0,4,3,1,2,0,10,1,0,0,1,1
727,grex,44100.0,POWER_TOOLS,0,0,0,0,0,1,1,1,1,0,4,0,0,0,1,0
728,handibot,,POWER_TOOLS,0,1,0,0,0,1,3,0,3,0,8,0,0,0,1,1
729,hastings,69253.0,POWER_TOOLS,0,0,0,1,0,1,2,0,2,0,8,2,0,0,1,0
730,heck,596.0,POWER_TOOLS,0,1,0,0,0,0,1,0,1,0,4,0,0,0,1,0
731,hillman,12355.0,POWER_TOOLS,0,0,1,0,0,4,2,0,0,0,7,0,0,0,1,0
732,hilmor,1058.0,POWER_TOOLS,0,0,1,0,0,3,2,0,0,0,6,0,0,0,1,1
733,hilti,10190.0,POWER_TOOLS,0,0,0,0,0,1,2,0,1,1,5,0,0,0,2,0
734,hitachi,26575.0,POWER_TOOLS,0,0,0,0,0,0,3,0,1,1,7,1,0,0,2,0
735,hollymatic,6688.0,POWER_TOOLS,0,0,0,0,0,4,3,0,1,0,10,0,0,0,1,1
736,homak,568383.0,POWER_TOOLS,0,1,0,0,0,1,2,0,1,0,5,0,0,0,0,1
737,husky,6647.0,POWER_TOOLS,0,0,0,0,0,1,1,0,1,1,5,1,0,0,1,1
738,husqvarna,193955.0,POWER_TOOLS,1,0,0,0,0,2,3,0,0,1,9,2,0,0,0,1
739,hutchins,5011.0,POWER_TOOLS,0,0,0,1,0,1,2,0,1,0,8,2,0,0,1,1
740,hyde,50836.0,POWER_TOOLS,0,0,0,0,0,1,1,0,1,1,4,0,0,0,1,0
741,hytorc,64050.0,POWER_TOOLS,0,0,0,0,0,2,1,0,1,0,6,0,0,0,0,1
742,ics,82025.0,POWER_TOOLS,0,0,0,1,0,0,1,0,0,0,3,1,1,0,1,0
743,igus,3223.0,POWER_TOOLS,0,0,0,1,0,0,2,0,1,0,4,1,1,0,1,1
744,ipa,106603.0,POWER_TOOLS,1,0,0,0,0,0,2,0,1,1,3,0,1,0,1,0
745,irwin,213798.0,POWER_TOOLS,0,0,1,0,0,3,2,0,0,0,5,0,1,0,2,0
746,jawhorse,,POWER_TOOLS,0,0,0,0,1,2,3,0,0,1,8,2,0,0,1,1
747,jet,8938.0,POWER_TOOLS,0,1,0,0,1,0,1,0,1,0,3,1,0,0,1,0
748,jonsered,1437.0,POWER_TOOLS,0,1,0,0,1,2,3,0,1,0,8,2,0,0,2,1
749,karcher,68736.0,POWER_TOOLS,0,0,1,0,0,2,2,1,1,0,7,1,0,0,1,0
750,kershaw,2328.0,POWER_TOOLS,0,0,0,0,0,2,2,1,1,0,7,1,0,0,1,0
751,kett,31273.0,POWER_TOOLS,0,1,0,0,0,0,1,1,3,0,4,0,0,0,1,0
752,keysco,8351.0,POWER_TOOLS,0,0,0,0,0,1,2,1,1,1,6,1,0,0,1,1
753,klein,7422.0,POWER_TOOLS,0,0,1,0,0,2,2,1,1,0,5,0,0,0,1,0
754,knipex,233237.0,POWER_TOOLS,0,0,0,0,0,1,2,1,2,0,6,0,0,0,2,0
755,kraft,7798.0,POWER_TOOLS,0,1,0,0,0,1,1,1,2,0,5,1,0,0,0,0
756,kreg,10105748.0,POWER_TOOLS,0,1,0,0,0,1,1,1,2,0,4,0,0,0,1,0
757,kwikstand,2339.0,POWER_TOOLS,0,1,0,0,0,2,2,1,4,0,9,1,0,0,1,0
758,lackmond,51194.0,POWER_TOOLS,0,1,0,0,0,3,2,0,2,0,8,0,0,1,0,1
759,landa,95.0,POWER_TOOLS,1,0,0,0,0,2,2,0,1,1,5,0,0,1,0,0
760,leatherman,1555173.0,POWER_TOOLS,0,0,1,0,0,4,4,0,1,0,10,1,0,1,2,0
761,lenox,400801.0,POWER_TOOLS,0,0,0,0,0,2,2,0,0,0,5,0,0,1,1,1
762,lincoln,25444.0,POWER_TOOLS,0,0,1,0,0,4,2,0,0,0,7,0,0,1,1,1
763,lisle,146308.0,POWER_TOOLS,0,0,0,0,0,2,2,0,0,1,5,1,0,1,2,0
764,logox,897.0,POWER_TOOLS,0,0,0,0,0,1,2,0,1,0,5,0,0,1,0,2
765,magnatech,1372.0,POWER_TOOLS,0,0,0,1,0,2,3,0,2,0,9,1,0,1,1,0
766,makita,481092.0,POWER_TOOLS,1,0,0,0,0,1,3,0,2,1,6,0,0,1,1,0
767,malco,26244.0,POWER_TOOLS,0,0,0,0,0,2,2,0,0,1,5,0,0,1,0,1
768,marshalltown,,POWER_TOOLS,0,0,1,0,0,6,3,0,1,0,12,1,0,1,0,1
769,martin,10022.0,POWER_TOOLS,0,0,1,0,0,3,2,0,1,0,6,0,0,1,1,0
770,matco,43537.0,POWER_TOOLS,0,0,0,0,0,1,2,0,1,1,5,0,0,1,0,1
771,mattei,,POWER_TOOLS,0,0,0,0,0,1,3,0,2,1,6,0,0,1,1,0
772,max,233517.0,POWER_TOOLS,0,0,0,0,0,1,1,0,0,0,3,0,0,1,0,0
773,maxus,16385.0,POWER_TOOLS,0,0,0,1,0,1,2,0,0,0,5,1,0,1,0,1
774,mayhew,46647.0,POWER_TOOLS,0,0,0,0,0,3,2,0,0,0,6,0,0,1,1,0
775,milwaukee,45459.0,POWER_TOOLS,0,0,0,0,0,3,5,0,1,1,9,0,0,1,2,1
776,mitek,5584.0,POWER_TOOLS,0,1,0,0,0,1,2,0,2,0,5,0,0,1,2,0
777,monster,21203.0,POWER_TOOLS,0,0,1,0,0,3,2,0,1,0,7,1,0,1,1,1
778,monti,12722.0,POWER_TOOLS,0,0,0,0,0,2,2,0,1,1,5,0,0,1,1,1
779,mound,11805.0,POWER_TOOLS,0,1,0,0,0,2,2,0,1,0,5,0,0,1,0,1
780,mountain,12722.0,POWER_TOOLS,0,0,1,0,0,3,4,0,1,0,8,0,0,1,1,1
781,mountainwasher,,POWER_TOOLS,0,0,1,0,0,5,6,0,1,0,14,1,0,1,2,1
782,multiplaz,,POWER_TOOLS,0,0,0,1,0,3,3,0,2,0,9,1,0,1,1,1
783,multiquip,47260.0,POWER_TOOLS,0,1,0,0,0,2,4,0,2,0,9,0,0,1,2,2
784,muro,3976.0,POWER_TOOLS,0,0,0,0,0,2,2,0,0,1,4,0,0,1,0,2
785,mychanic,973.0,POWER_TOOLS,0,0,0,0,0,3,2,0,0,0,8,1,0,1,1,0
786,norbar,54599.0,POWER_TOOLS,0,0,1,0,0,3,2,0,1,0,6,0,0,1,0,1
787,norton,15285.0,POWER_TOOLS,0,0,1,0,0,3,2,0,1,0,6,0,0,1,0,2
788,norwood,156.0,POWER_TOOLS,0,1,0,0,0,3,3,0,1,0,7,0,0,1,0,2
789,olfa,61137.0,POWER_TOOLS,1,0,0,0,0,1,2,0,0,1,4,1,1,0,0,1
790,otc,64045.0,POWER_TOOLS,0,0,0,0,0,0,1,0,1,0,3,0,1,0,0,1
791,pace,1988.0,POWER_TOOLS,0,0,0,0,0,0,2,1,1,1,4,0,0,0,1,0
792,paslode,10390.0,POWER_TOOLS,0,0,0,0,0,1,3,1,2,1,7,1,0,0,1,1
793,pelican,,POWER_TOOLS,0,0,1,0,0,2,3,1,1,0,7,0,0,0,2,0
794,pem,33514.0,POWER_TOOLS,0,0,1,0,0,1,1,1,1,0,3,0,0,0,1,0
795,penn,43847.0,POWER_TOOLS,0,0,1,0,0,2,1,1,1,0,4,0,0,0,1,0
796,pensimple,3102.0,POWER_TOOLS,0,0,0,0,0,3,3,1,2,1,9,1,0,0,3,0
797,pexgun,154.0,POWER_TOOLS,0,0,1,0,0,1,2,1,2,0,6,0,0,0,1,1
798,phc,15932.0,POWER_TOOLS,0,0,0,0,0,0,0,1,1,0,3,0,0,0,0,0
799,plasmacam,3407581.0,POWER_TOOLS,0,0,1,0,0,3,3,1,1,0,9,1,0,0,0,0
800,powerbuilt,890.0,POWER_TOOLS,0,1,0,0,0,3,4,1,3,0,10,0,0,0,2,2
801,powerluber,25444.0,POWER_TOOLS,0,0,1,0,0,4,4,1,2,0,10,0,0,0,2,2
802,powershot,113.0,POWER_TOOLS,0,1,0,0,0,2,3,1,2,0,9,1,0,0,1,2
803,preval,12983.0,POWER_TOOLS,0,0,1,0,0,2,2,1,1,0,6,1,0,0,1,0
804,primedge,133264.0,POWER_TOOLS,0,0,0,1,0,2,3,1,3,1,8,0,0,0,3,0
805,prorule,375.0,POWER_TOOLS,0,0,0,0,0,3,3,1,1,1,7,0,0,0,1,2
806,proto,17391.0,POWER_TOOLS,0,0,0,0,0,1,2,1,2,1,5,0,0,0,0,2
807,rapidrill,,POWER_TOOLS,0,0,1,0,0,4,3,0,2,0,9,0,0,1,2,0
808,ridgid,1174960.0,POWER_TOOLS,0,1,0,0,0,1,2,0,3,0,6,0,0,1,2,0
809,rigid,12990.0,POWER_TOOLS,0,1,0,0,0,1,2,0,2,0,5,0,0,1,2,0
810,rockwell,158603.0,POWER_TOOLS,0,0,1,0,0,4,2,0,1,0,8,0,0,1,1,1
811,roemheld,11281.0,POWER_TOOLS,0,1,0,0,0,3,3,0,1,0,8,0,0,1,2,1
812,rossi,,POWER_TOOLS,0,0,0,0,0,1,2,0,0,1,5,2,0,1,1,1
813,rotozip,7582.0,POWER_TOOLS,0,1,0,0,0,1,3,0,2,0,7,1,0,1,1,2
814,ryobi,12515.0,POWER_TOOLS,0,0,0,0,0,2,2,0,1,1,5,0,0,1,1,1
815,sata,152903.0,POWER_TOOLS,1,0,0,0,1,0,2,0,1,1,4,1,0,0,0,0
816,sawstop,162310.0,POWER_TOOLS,0,1,0,0,1,1,2,0,2,0,7,2,0,0,0,1
817,schaeffler,2171.0,POWER_TOOLS,0,0,1,0,1,2,3,0,0,0,10,4,0,0,2,0
818,schrade,47190.0,POWER_TOOLS,0,0,0,0,1,1,2,0,1,1,7,2,0,0,1,0
819,shark,25056.0,POWER_TOOLS,0,1,0,0,1,1,1,0,1,0,5,1,0,0,0,0
820,shindaiwa,47882.0,POWER_TOOLS,1,0,0,0,1,2,4,0,1,1,9,1,0,0,2,0
821,sk,30613.0,POWER_TOOLS,0,1,0,0,1,0,0,0,1,0,2,1,0,0,0,0
822,skil,40015.0,POWER_TOOLS,0,0,1,0,1,1,1,0,1,0,4,1,0,0,1,0
823,sog,935681.0,POWER_TOOLS,0,1,0,0,1,0,1,0,1,0,3,1,0,0,0,1
824,southwire,26321.0,POWER_TOOLS,0,0,0,0,1,2,4,0,1,1,9,2,0,0,2,1
825,sparky,,POWER_TOOLS,0,0,0,0,1,2,1,0,2,1,6,1,0,0,1,0
826,spx,7442.0,POWER_TOOLS,0,0,0,0,1,0,0,0,1,0,3,1,0,0,0,0
827,spyder,,POWER_TOOLS,0,0,1,0,1,2,1,0,2,0,6,1,0,0,1,0
828,stanley,114335.0,POWER_TOOLS,0,0,0,0,1,3,2,0,1,1,7,1,0,0,2,0
829,starrett,15897.0,POWER_TOOLS,0,1,0,0,1,2,2,0,3,0,8,1,0,0,1,0
830,steck,135463.0,POWER_TOOLS,0,1,0,0,1,0,1,0,2,0,5,1,0,0,1,0
831,stihl,37930658.0,POWER_TOOLS,0,0,1,0,1,1,1,0,1,0,5,1,0,0,1,0
832,studbuddy,,POWER_TOOLS,0,0,0,0,1,1,2,0,5,1,9,1,0,0,1,2
833,stuller,,POWER_TOOLS,0,0,1,0,1,3,2,0,1,0,7,1,0,0,1,1
834,sunjoe,160.0,POWER_TOOLS,0,0,0,0,1,1,3,0,0,1,6,2,0,0,1,2
835,tapebuddy,1152.0,POWER_TOOLS,0,0,0,0,0,1,3,1,5,1,9,0,0,0,2,1
836,tekton,26875.0,POWER_TOOLS,0,0,1,0,0,1,2,1,3,0,6,0,0,0,1,1
837,terrco,,POWER_TOOLS,0,0,0,0,0,2,2,1,1,1,6,0,0,0,1,1
838,trigjig,,POWER_TOOLS,0,1,0,0,0,1,2,1,3,0,7,1,0,0,2,0
839,triton,248874.0,POWER_TOOLS,0,0,1,0,0,2,2,1,2,0,6,0,0,0,1,1
840,unicam,9832.0,POWER_TOOLS,0,0,1,0,0,2,3,0,0,0,6,0,1,0,1,1
841,vallorbe,,POWER_TOOLS,0,0,0,0,1,3,3,0,1,1,8,1,0,0,1,1
842,versatility,9278.0,POWER_TOOLS,0,0,0,0,1,3,4,0,2,1,11,2,0,0,4,0
843,victorinox,26159.0,POWER_TOOLS,0,0,0,0,1,2,4,0,1,0,10,1,0,0,2,2
844,wachs,7442.0,POWER_TOOLS,0,0,0,1,0,1,1,0,0,0,5,2,0,1,0,0
845,wagner,5376.0,POWER_TOOLS,0,0,1,0,0,3,2,0,1,0,6,0,0,1,1,0
846,westcott,1389.0,POWER_TOOLS,0,1,0,0,0,1,2,0,3,0,8,1,0,1,1,1
847,wiss,29216.0,POWER_TOOLS,0,0,0,1,0,1,1,0,0,0,4,2,0,1,1,0
848,wolff,30330.0,POWER_TOOLS,0,0,0,1,0,2,1,0,0,0,5,2,0,1,0,1
849,woodcraft,10249.0,POWER_TOOLS,0,1,0,0,0,2,3,0,2,0,9,1,0,1,0,1
850,woodhaven,2494.0,POWER_TOOLS,0,0,1,0,0,2,4,0,1,0,9,1,0,1,1,1
851,worx,217377.0,POWER_TOOLS,0,0,0,0,0,2,1,0,0,0,4,0,0,1,0,1
852,yamaha,736.0,POWER_TOOLS,1,0,0,0,0,2,3,0,0,1,6,0,0,1,0,0
853,zago,,POWER_TOOLS,0,0,0,0,1,0,2,0,1,1,4,1,0,0,0,1
854,advueu,25200.0,TELEVISIONS,0,0,0,0,0,0,4,0,1,1,6,1,1,0,1,2
855,clearview,,TELEVISIONS,0,0,0,0,0,3,4,0,0,0,9,1,0,0,2,0
856,dealertv,52378.0,TELEVISIONS,0,0,0,1,0,2,3,1,2,0,8,1,0,0,2,0
857,element,4531691.0,TELEVISIONS,0,1,0,0,0,3,3,0,1,0,7,0,1,0,3,0
858,ericsson,18927.0,TELEVISIONS,0,0,1,0,0,2,3,0,0,0,8,2,1,0,2,1
859,hisense,1218631.0,TELEVISIONS,0,0,0,0,0,1,3,0,0,1,7,2,0,0,3,0
860,lg,25104620.0,TELEVISIONS,0,1,0,0,0,1,0,0,1,0,2,0,0,1,0,0
861,panasonic,65436.0,TELEVISIONS,0,0,0,0,0,2,4,1,1,0,9,1,0,0,1,1
862,philips,647038.0,TELEVISIONS,0,0,0,1,0,1,2,1,2,0,7,1,0,0,2,0
863,pioneer,6528.0,TELEVISIONS,0,0,1,0,0,2,4,1,1,0,7,0,0,0,2,1
864,planar,5626.0,TELEVISIONS,0,0,1,0,0,3,2,1,1,0,6,0,0,0,0,0
865,rca,36782.0,TELEVISIONS,1,0,0,0,0,1,1,0,0,1,3,0,0,1,0,0
866,samsung,40933658.0,TELEVISIONS,0,1,1,0,1,2,2,0,1,0,7,2,0,0,0,1
867,seiki,13072.0,TELEVISIONS,0,0,0,0,1,0,3,0,1,1,5,1,0,0,2,0
868,sharp,96645.0,TELEVISIONS,0,1,0,0,1,1,1,0,1,0,5,1,0,0,0,0
869,skyvue,46522.0,TELEVISIONS,0,0,0,0,1,1,2,0,1,1,6,2,0,0,1,1
870,sony,62837.0,TELEVISIONS,0,0,0,0,1,2,1,0,0,1,4,1,0,0,1,1
871,sunbritetv,9065.0,TELEVISIONS,0,0,0,1,1,2,3,0,3,0,10,2,0,0,2,1
872,sylvania,22500.0,TELEVISIONS,1,0,0,0,1,3,3,0,0,1,8,2,0,0,1,0
873,tcl,284342.0,TELEVISIONS,0,0,1,0,0,1,0,1,1,0,3,0,0,0,0,0
874,toshiba,,TELEVISIONS,1,0,0,0,0,0,3,1,2,1,7,1,0,0,1,1
875,viewsonic,53505.0,TELEVISIONS,0,0,0,0,1,2,4,0,0,0,9,2,0,0,2,1
876,vizio,5213496.0,TELEVISIONS,0,0,0,0,1,0,3,0,0,1,5,2,0,0,2,1
877,westinghouse,259778.0,TELEVISIONS,0,0,0,0,0,2,5,0,2,1,12,2,0,1,3,1
878,adi,2210.0,WATCHES,0,0,0,0,0,0,2,0,1,1,3,0,1,0,1,0
879,adidas,522.0,WATCHES,0,0,0,1,0,0,3,0,2,0,6,1,1,0,1,0
880,alor,90093.0,WATCHES,0,0,1,0,0,2,2,0,0,0,4,0,1,0,0,1
881,alpina,45174.0,WATCHES,1,0,0,0,0,2,3,0,1,1,6,0,1,0,1,0
882,anonimo,123200.0,WATCHES,0,0,0,0,0,3,4,0,0,1,7,0,1,0,1,2
883,arbutus,171.0,WATCHES,0,0,0,1,0,1,3,0,2,0,7,1,1,0,0,2
884,armitron,,WATCHES,0,0,1,0,0,4,3,0,1,0,8,0,1,0,1,1
885,armogan,1045.0,WATCHES,0,0,1,0,0,3,3,0,1,0,7,0,1,0,0,1
886,azad,0.0,WATCHES,0,1,0,0,0,0,2,0,1,0,4,1,1,0,0,0
887,ball,43850.0,WATCHES,0,0,1,0,0,2,1,1,1,0,4,0,0,0,0,0
888,belair,19463.0,WATCHES,0,0,1,0,0,2,3,1,1,0,6,0,0,0,2,0
889,belkin,12043.0,WATCHES,0,0,1,0,0,2,2,1,2,0,6,0,0,0,2,0
890,benrus,13071.0,WATCHES,0,0,0,1,0,2,2,1,1,0,6,1,0,0,1,1
891,bering,52703.0,WATCHES,0,1,1,0,0,2,2,1,2,0,6,0,0,0,2,0
892,bianci,,WATCHES,0,0,0,0,0,1,3,1,1,1,6,0,0,0,2,0
893,bijan,266657.0,WATCHES,0,0,1,0,0,1,2,1,1,0,5,1,0,0,1,0
894,blancpain,30661.0,WATCHES,0,0,1,0,0,3,3,1,2,0,9,0,0,0,1,0
895,boccia,152.0,WATCHES,1,0,0,0,0,0,3,1,1,1,6,0,0,0,1,1
896,bomberg,187637.0,WATCHES,0,1,0,0,0,2,2,1,3,0,7,0,0,0,1,1
897,bovet,561507.0,WATCHES,0,1,0,0,0,0,2,1,2,0,5,1,0,0,1,1
898,boyard,,WATCHES,0,1,0,0,0,2,2,1,2,0,6,0,0,0,0,1
899,brathwait,3469.0,WATCHES,0,1,0,0,0,2,3,1,3,0,9,1,0,0,1,0
900,breda,693.0,WATCHES,1,0,0,0,0,1,2,1,2,1,5,0,0,0,1,0
901,breguet,258875.0,WATCHES,0,1,0,0,0,1,3,1,3,0,7,0,0,0,2,1
902,breitling,1126378.0,WATCHES,0,1,1,0,0,3,3,1,3,0,9,0,0,0,2,0
903,bremont,,WATCHES,0,1,0,0,0,3,2,1,2,0,7,0,0,0,1,1
904,buler,192.0,WATCHES,0,0,1,0,0,2,2,1,1,0,5,0,0,0,1,1
905,bulgari,109358.0,WATCHES,0,0,0,0,0,2,3,1,2,1,7,0,0,0,1,1
906,bulova,6677832.0,WATCHES,1,0,0,0,0,1,3,1,1,1,6,1,0,0,0,2
907,buoyy,3288.0,WATCHES,0,0,0,0,0,2,2,1,1,1,5,0,0,0,1,2
908,butler,,WATCHES,0,0,1,0,0,2,2,1,2,0,6,0,0,0,1,1
909,cadence,718.0,WATCHES,0,0,0,0,0,1,3,0,1,1,7,0,0,0,2,0
910,caravelle,4501.0,WATCHES,0,0,0,0,0,3,4,0,0,1,9,1,0,0,2,0
911,cartier,891829.0,WATCHES,0,0,1,0,0,2,3,0,1,0,7,0,0,0,1,0
912,casio,143811.0,WATCHES,0,0,0,0,0,0,3,0,0,1,5,1,0,0,1,1
913,charriol,78800.0,WATCHES,0,0,1,0,1,3,3,0,0,0,8,1,0,0,1,1
914,chopard,23860.0,WATCHES,0,1,0,0,1,1,2,0,2,0,7,1,0,0,0,1
915,chronoswiss,,WATCHES,0,0,0,1,1,3,3,0,0,0,11,4,0,0,1,2
916,citizen,1690662.0,WATCHES,0,0,1,0,0,1,3,0,1,0,7,1,0,0,3,0
917,coach,6670.0,WATCHES,0,0,0,1,0,0,2,0,0,0,5,1,0,0,0,1
918,converse,522.0,WATCHES,0,0,0,0,0,2,3,0,0,1,8,2,0,0,2,1
919,cortese,578.0,WATCHES,0,0,0,0,0,1,3,0,1,1,7,1,0,0,2,1
920,corum,73526.0,WATCHES,0,0,1,0,0,2,2,0,0,0,5,0,0,0,0,2
921,cromwell,264.0,WATCHES,0,0,1,0,0,5,2,0,0,0,8,0,0,0,1,1
922,dewitt,38952.0,WATCHES,0,1,0,0,0,1,2,1,3,0,6,0,0,0,2,0
923,didofa,,WATCHES,1,0,0,0,0,0,3,1,2,1,6,1,0,0,1,1
924,diesel,621.0,WATCHES,0,0,1,0,0,1,3,1,1,0,6,1,0,0,2,0
925,dior,309588.0,WATCHES,0,0,1,0,0,1,2,1,1,0,4,0,0,0,1,1
926,eone,11995.0,WATCHES,0,0,0,0,0,1,3,0,0,1,4,0,1,0,2,1
927,erroyl,1086.0,WATCHES,0,0,1,0,0,4,2,0,0,0,6,0,1,0,1,1
928,eterna,1914.0,WATCHES,1,0,0,0,0,2,3,0,1,1,6,0,1,0,2,0
929,faberge,26166.0,WATCHES,0,0,0,0,1,1,3,0,2,1,7,1,0,0,2,0
930,fendi,13653.0,WATCHES,0,0,0,0,1,1,2,0,1,1,5,1,0,0,2,0
931,fifth,1213.0,WATCHES,0,0,0,1,1,0,1,0,1,0,5,3,0,0,1,0
932,fiyta,,WATCHES,1,0,0,0,1,1,2,0,1,1,5,1,0,0,1,0
933,fossil,5578334.0,WATCHES,0,0,1,0,1,1,2,0,0,0,6,3,0,0,1,1
934,freestyle,42291.0,WATCHES,0,0,0,0,1,3,3,0,1,1,9,2,0,0,2,0
935,gamiss,73.0,WATCHES,0,0,0,1,0,1,2,1,1,0,6,2,0,0,1,0
936,garmin,98208.0,WATCHES,0,0,1,0,0,3,2,1,1,0,6,0,0,0,1,0
937,glashutte,44112.0,WATCHES,0,0,0,0,0,1,3,1,3,1,9,1,0,0,1,1
938,graff,66055.0,WATCHES,0,0,0,1,0,1,1,1,1,0,5,2,0,0,0,0
939,graham,14915.0,WATCHES,0,0,1,0,0,2,2,1,1,0,6,0,0,0,0,0
940,greyhours,672.0,WATCHES,0,0,0,1,0,3,3,1,1,0,9,1,0,0,1,1
941,gucci,526977.0,WATCHES,0,0,0,0,0,0,2,1,1,1,5,0,0,0,1,1
942,guess,222094.0,WATCHES,0,0,0,1,0,0,2,1,1,0,5,2,0,0,1,1
943,hamilton,862907.0,WATCHES,0,0,1,0,0,3,3,0,1,0,8,0,0,0,1,1
944,havana,119.0,WATCHES,1,0,0,0,0,1,3,0,0,1,6,1,0,0,0,0
945,hermes,1353634.0,WATCHES,0,0,0,1,0,2,2,0,0,0,6,1,0,0,2,0
946,huawei,240472.0,WATCHES,0,0,0,0,0,1,4,0,0,1,6,0,0,0,1,1
947,hublot,140840.0,WATCHES,0,1,0,0,0,1,2,0,2,0,6,0,0,0,0,2
948,hypergrand,224.0,WATCHES,0,1,0,0,0,4,2,0,3,0,10,0,0,0,1,0
949,hyt,107.0,WATCHES,0,1,0,0,0,1,0,0,1,0,3,0,0,0,0,0
950,ibeat,5046.0,WATCHES,0,1,0,0,0,0,3,0,2,0,5,0,1,0,2,0
951,invicta,164182.0,WATCHES,1,0,0,0,0,1,3,0,1,1,7,1,1,0,2,0
952,jord,10036.0,WATCHES,0,1,0,0,1,1,1,0,1,0,4,1,0,0,0,1
953,kompass,,WATCHES,0,0,0,1,0,1,2,1,2,0,7,2,0,0,0,1
954,kronaby,4398.0,WATCHES,0,0,0,0,0,3,2,1,2,1,7,0,0,0,1,1
955,kyboe,71002.0,WATCHES,0,0,0,0,0,1,2,1,2,1,5,0,0,0,1,1
956,lacoste,,WATCHES,0,0,0,0,0,1,3,0,1,1,7,1,0,1,1,1
957,lapizta,1924.0,WATCHES,1,0,0,0,0,1,3,0,2,1,7,1,0,1,1,0
958,longines,6126933.0,WATCHES,0,0,0,1,0,3,3,0,1,0,8,1,0,1,2,1
959,luminox,23031.0,WATCHES,0,0,0,0,0,3,3,0,0,0,7,0,0,1,1,2
960,lunowear,,WATCHES,0,0,1,0,0,4,4,0,0,0,8,0,0,1,1,2
961,martenero,196.0,WATCHES,0,0,0,0,0,4,4,0,1,1,9,0,0,1,2,1
962,marvin,30800.0,WATCHES,0,0,1,0,0,3,2,0,0,0,6,1,0,1,1,0
963,medota,120.0,WATCHES,1,0,0,0,0,1,3,0,2,1,6,0,0,1,1,1
964,megir,268.0,WATCHES,0,0,1,0,0,2,2,0,1,0,5,0,0,1,2,0
965,meridio,22734.0,WATCHES,0,0,0,0,0,2,4,0,1,1,7,0,0,1,3,1
966,michele,2154653.0,WATCHES,0,0,0,0,0,2,3,0,0,1,7,1,0,1,3,0
967,mido,53948.0,WATCHES,0,0,0,0,0,1,2,0,1,1,4,0,0,1,1,1
968,mistura,923.0,WATCHES,1,0,0,0,0,2,3,0,1,1,7,1,0,1,1,1
969,montblanc,10121.0,WATCHES,0,0,0,0,0,4,2,0,2,0,9,0,0,1,0,1
970,movado,598902.0,WATCHES,0,0,0,0,0,1,3,0,1,1,6,1,0,1,0,2
971,mtm,11697.0,WATCHES,0,0,1,0,0,2,0,0,1,0,3,0,0,1,0,0
972,mulco,50258.0,WATCHES,0,0,0,0,0,2,2,0,0,1,5,0,0,1,0,2
973,mvmt,379908.0,WATCHES,0,1,0,0,0,2,0,0,1,0,4,1,0,1,0,0
974,nacken,6889.0,WATCHES,0,0,1,0,0,2,2,0,1,0,6,0,0,1,1,0
975,naviforce,,WATCHES,0,0,0,0,0,2,4,0,0,1,9,2,0,1,2,1
976,neita,6450.0,WATCHES,1,0,0,0,0,1,3,0,1,1,5,0,0,1,1,0
977,newgate,129.0,WATCHES,0,0,0,0,0,2,3,0,2,1,7,0,0,1,2,0
978,nike,,WATCHES,0,0,0,0,0,1,2,0,1,1,4,0,0,1,2,0
979,nite,12798.0,WATCHES,0,0,0,0,0,1,2,0,1,1,4,0,0,1,2,0
980,nixon,262127.0,WATCHES,0,0,1,0,0,2,2,0,0,0,5,0,0,1,1,1
981,nomad,9544.0,WATCHES,0,1,0,0,0,2,2,0,1,0,5,0,0,1,0,1
982,oleksynprannyk,291.0,WATCHES,0,1,0,0,0,7,3,0,3,0,14,1,1,0,1,1
983,olio,66705.0,WATCHES,0,0,0,0,0,1,3,0,0,1,4,0,1,0,1,2
984,omega,3327479.0,WATCHES,1,0,0,0,0,1,3,0,1,1,5,0,1,0,1,1
985,orient,20752.0,WATCHES,0,1,0,0,0,2,3,0,1,0,6,0,1,0,1,1
986,oris,757216.0,WATCHES,0,0,0,1,0,1,2,0,0,0,4,1,1,0,1,1
987,pagare,,WATCHES,0,0,0,0,0,1,3,1,2,1,6,0,0,0,1,0
988,panerai,51197.0,WATCHES,0,0,0,0,0,2,4,1,1,1,7,0,0,0,2,0
989,peugeot,173800.0,WATCHES,0,1,0,0,0,0,4,1,3,0,7,0,0,0,2,2
990,phillips,26383.0,WATCHES,0,0,0,1,0,2,2,1,2,0,8,1,0,0,2,0
991,piaget,68682.0,WATCHES,0,1,0,0,0,0,3,1,3,0,6,0,0,0,2,0
992,picono,1846.0,WATCHES,0,0,0,0,0,1,3,1,1,1,6,0,0,0,1,2
993,polar,308.0,WATCHES,0,0,1,0,0,2,2,1,1,0,5,0,0,0,0,1
994,pulsar,332499.0,WATCHES,0,0,1,0,0,2,2,1,1,0,6,1,0,0,0,1
995,rado,14320.0,WATCHES,0,0,0,0,0,1,2,0,1,1,4,0,0,1,0,1
996,rapport,544.0,WATCHES,0,1,0,0,0,2,2,0,3,0,7,0,0,1,0,1
997,reactor,921.0,WATCHES,0,0,1,0,0,2,3,0,1,0,7,0,0,1,1,1
998,revival,95.0,WATCHES,0,0,1,0,0,2,3,0,0,0,7,2,0,1,2,0
999,ritot,10919.0,WATCHES,0,1,0,0,0,1,2,0,2,0,5,0,0,1,1,1
1000,rockwell,50.0,WATCHES,0,0,1,0,0,4,2,0,1,0,8,0,0,1,1,1
1001,rolex,27884105.0,WATCHES,0,0,0,0,0,2,2,0,0,0,5,0,0,1,1,1
1002,rosefield,920.0,WATCHES,0,1,0,0,0,2,4,0,1,0,9,2,0,1,2,1
1003,rosemont,,WATCHES,0,1,0,0,0,3,3,0,1,0,8,1,0,1,1,2
1004,royalmarine,,WATCHES,0,0,0,0,0,6,5,0,0,1,11,0,0,1,2,1
1005,seiko,777869.0,WATCHES,0,0,0,0,1,0,3,0,1,1,5,1,0,0,1,1
1006,sevenfriday,78940.0,WATCHES,0,0,0,0,1,3,4,0,1,1,11,3,0,0,4,0
1007,shark,,WATCHES,0,1,0,0,1,1,1,0,1,0,5,1,0,0,0,0
1008,shinola,3072638.0,WATCHES,1,0,0,0,1,2,3,0,0,1,7,1,0,0,1,1
1009,sisu,25821.0,WATCHES,0,0,0,0,1,0,2,0,0,1,4,2,0,0,1,1
1010,skagen,207738.0,WATCHES,0,0,1,0,1,1,2,0,2,0,6,1,0,0,1,0
1011,slow,48605.0,WATCHES,0,0,0,0,1,2,1,0,0,0,4,1,0,0,0,1
1012,stauer,282546.0,WATCHES,0,0,1,0,1,1,3,0,1,0,6,1,0,0,1,1
1013,suunto,53742.0,WATCHES,0,0,0,0,1,1,3,0,1,1,6,1,0,0,0,3
1014,svstem,,WATCHES,0,0,1,0,1,1,1,0,1,0,6,3,0,0,1,0
1015,swarovski,25529.0,WATCHES,0,0,0,0,1,2,3,0,1,1,9,3,0,0,1,1
1016,swatch,1778417.0,WATCHES,0,0,0,1,1,1,1,0,1,0,6,2,0,0,0,0
1017,swiss,102.0,WATCHES,0,0,0,1,1,1,1,0,0,0,5,3,0,0,1,0
1018,swisstime,,WATCHES,0,0,0,0,1,2,3,0,1,1,9,3,0,0,3,0
1019,szanto,99594.0,WATCHES,0,0,0,0,1,1,2,0,1,1,6,2,0,0,0,1
1020,tayroc,173.0,WATCHES,0,0,0,0,0,2,2,1,1,0,6,0,0,0,0,1
1021,technomarine,301838.0,WATCHES,0,0,0,0,0,4,5,1,1,1,12,1,0,0,3,1
1022,teno,23721.0,WATCHES,0,0,0,0,0,1,2,1,1,1,4,0,0,0,1,1
1023,tense,200.0,WATCHES,0,0,0,0,0,1,2,1,1,1,5,1,0,0,2,0
1024,tiffany,108128.0,WATCHES,0,0,0,0,0,2,2,1,1,1,7,2,0,0,2,0
1025,timex,1124967.0,WATCHES,0,0,0,0,0,1,2,1,1,0,5,0,0,0,2,0
1026,tissot,14482811.0,WATCHES,0,1,0,0,0,0,2,1,2,0,6,2,0,0,1,1
1027,titan,643.0,WATCHES,0,0,1,0,0,1,2,1,2,0,5,0,0,0,1,0
1028,toptiertimer,,WATCHES,0,0,1,0,0,3,5,1,4,0,12,0,0,0,3,1
1029,torgoen,401.0,WATCHES,0,0,1,0,0,2,3,1,2,0,7,0,0,0,1,2
1030,triarrows,1715.0,WATCHES,0,0,0,1,0,4,3,1,1,0,9,1,0,0,1,1
1031,truwood,,WATCHES,0,1,0,0,0,2,3,1,2,0,7,0,0,0,0,2
1032,tudor,585028.0,WATCHES,0,0,1,0,0,1,2,1,2,0,5,0,0,0,0,2
1033,versace,3086.0,WATCHES,0,0,0,0,1,1,3,0,0,1,7,2,0,0,2,0
1034,victorinox,,WATCHES,0,0,0,0,1,2,4,0,1,0,10,1,0,0,2,2
1035,void,204.0,WATCHES,0,1,0,0,1,0,2,0,1,0,4,1,0,0,1,1
1036,wewood,906.0,WATCHES,0,1,0,0,0,2,3,0,1,0,6,0,0,1,1,1
1037,withings,34313.0,WATCHES,0,0,0,1,0,2,2,0,2,0,8,2,0,1,2,0
1038,wolf,456.0,WATCHES,0,0,0,1,0,2,1,0,0,0,4,1,0,1,0,1
1039,wryst,,WATCHES,0,1,0,0,0,3,0,0,1,0,5,1,0,1,0,0
1040,xetum,962.0,WATCHES,0,0,1,0,0,1,2,0,1,0,5,0,0,0,1,1
1041,yes,8165.0,WATCHES,0,0,0,1,0,1,1,0,0,0,3,1,0,1,1,0
1042,zenith,159183.0,WATCHES,0,0,0,1,1,1,2,0,1,0,6,2,0,0,2,0
1043,adea,117.0,WOMENS_UNDERWEAR,1,0,0,0,0,0,3,0,1,1,4,0,1,0,1,0
1044,aerie,2402946.0,WOMENS_UNDERWEAR,0,0,0,0,0,1,4,0,0,1,5,0,1,0,2,0
1045,confitex,,WOMENS_UNDERWEAR,0,0,0,0,0,1,3,0,1,0,8,1,0,0,2,1
1046,foxers,76.0,WOMENS_UNDERWEAR,0,0,0,1,1,1,2,0,0,0,6,2,0,0,1,1
1047,guess,325652.0,WOMENS_UNDERWEAR,0,0,0,1,0,0,2,1,1,0,5,2,0,0,1,1
1048,hanes,213461.0,WOMENS_UNDERWEAR,0,0,0,1,0,1,2,0,0,0,5,1,0,0,1,0
1049,hanro,199.0,WOMENS_UNDERWEAR,0,0,0,0,0,2,2,0,0,1,5,0,0,0,0,1
1050,intimissimi,2220.0,WOMENS_UNDERWEAR,0,0,0,0,0,3,5,0,1,1,11,2,1,0,5,0
1051,knixteen,,WOMENS_UNDERWEAR,0,0,1,0,0,2,3,1,2,0,8,0,0,0,2,0
1052,knixwear,5570.0,WOMENS_UNDERWEAR,0,0,1,0,0,3,3,1,1,0,8,0,0,0,2,0
1053,leonisa,1241.0,WOMENS_UNDERWEAR,1,0,0,0,0,2,4,0,0,1,7,1,0,1,2,1
1054,natori,91.0,WOMENS_UNDERWEAR,0,0,0,0,0,2,3,0,1,1,6,0,0,1,1,1
1055,oscalito,65.0,WOMENS_UNDERWEAR,0,0,0,0,0,1,4,0,1,1,8,1,1,0,1,2
1056,sokoloff,,WOMENS_UNDERWEAR,0,0,0,1,1,1,3,0,1,0,8,3,0,0,0,3
1057,soma,4500.0,WOMENS_UNDERWEAR,1,0,0,0,1,1,2,0,0,1,4,1,0,0,0,1
1058,tani,551.0,WOMENS_UNDERWEAR,0,0,0,0,0,1,2,1,1,1,4,0,0,0,1,0
1059,thinx,1178691.0,WOMENS_UNDERWEAR,0,0,0,0,1,1,1,1,1,0,5,1,0,0,1,0
1060,tomboyx,,WOMENS_UNDERWEAR,0,0,0,0,0,2,2,1,2,0,7,0,0,0,0,2
1061,valentine,730.0,WOMENS_UNDERWEAR,0,0,0,0,1,3,4,0,1,1,9,1,0,0,3,0
1062,warners,55109.0,WOMENS_UNDERWEAR,0,0,0,1,0,4,2,0,0,0,7,1,0,1,1,0
1063,breyers,,YOGURT,0,0,0,1,0,3,2,1,1,0,7,1,0,0,2,0
1064,cabot,260.0,YOGURT,0,1,0,0,0,0,2,0,2,0,5,0,0,0,0,1
1065,cacique,2832.0,YOGURT,0,0,0,0,0,0,4,0,0,1,7,0,0,0,2,1
1066,chobani,20370507.0,YOGURT,0,0,0,0,1,1,3,0,1,1,7,1,0,0,1,1
1067,clover,20.0,YOGURT,0,0,1,0,0,2,2,0,0,0,6,1,0,0,1,1
1068,cocobella,,YOGURT,1,0,0,0,0,2,4,0,1,1,9,0,0,0,1,2
1069,dannon,10255956.0,YOGURT,0,0,1,0,0,3,2,1,1,0,6,0,0,0,0,1
1070,danone,41183.0,YOGURT,0,0,0,0,0,2,3,1,1,1,6,0,0,0,1,1
1071,danonino,186906.0,YOGURT,0,0,0,0,0,3,4,1,1,1,8,0,0,0,1,2
1072,ehrmann,56500.0,YOGURT,0,0,1,0,0,4,2,0,0,0,7,0,1,0,1,0
1073,ellenos,782.0,YOGURT,0,0,0,1,0,3,3,0,0,0,7,1,1,0,2,1
1074,kabrita,131.0,YOGURT,1,0,0,0,0,1,3,1,3,1,7,0,0,0,1,0
1075,lala,18266961.0,YOGURT,1,0,0,0,0,2,2,0,0,1,4,0,0,1,0,0
1076,liberte,713.0,YOGURT,0,0,0,0,0,2,3,0,2,1,7,0,0,1,3,0
1077,muller,,YOGURT,0,0,1,0,0,4,2,0,0,0,6,0,0,1,1,1
1078,nancys,13523.0,YOGURT,0,0,0,1,0,3,1,0,0,0,6,1,0,1,0,0
1079,noosa,3223291.0,YOGURT,1,0,0,0,0,1,3,0,0,1,5,1,0,1,0,1
1080,siggis,674017.0,YOGURT,0,0,0,1,1,0,2,0,2,0,6,2,0,0,2,0
1081,silk,10320.0,YOGURT,0,1,0,0,1,1,1,0,1,0,4,1,0,0,1,0
1082,tillamook,90543.0,YOGURT,0,1,0,0,0,3,4,1,2,0,9,0,0,0,1,1
1083,tnuva,214545.0,YOGURT,1,0,0,0,0,1,2,1,1,1,5,1,0,0,0,1
1084,yoatz,8828.0,YOGURT,0,0,0,1,0,1,2,0,1,0,5,1,0,1,0,1
1085,yopa,903.0,YOGURT,1,0,0,0,0,1,2,0,1,1,4,0,0,1,0,1
1086,yoplait,103039403.0,YOGURT,0,1,0,0,0,2,3,0,2,0,7,0,0,1,1,1
